"","TDd","b","qDd"
"1",0.3,"0",0.740818220681718
"2",0.3088865779842,"0",0.734264047011794
"3",0.318036393529297,"0",0.727576308863044
"4",0.327457244239003,"0",0.720754107007098
"5",0.337157158697073,"0",0.713796651735516
"6",0.347144403309382,"0",0.706703270598169
"7",0.357427489348673,"0",0.699473416376937
"8",0.368015180207985,"0",0.692106675285707
"9",0.378916498868944,"0",0.684602775385738
"10",0.390140735591273,"0",0.676961595203358
"11",0.40169745583009,"0",0.669183172534724
"12",0.413596508387719,"0",0.661267713419985
"13",0.425848033806986,"0",0.653215601266609
"14",0.438462473013132,"0",0.645027406098962
"15",0.45145057621172,"0",0.636703893908301
"16",0.464823412050111,"0",0.62824603607436
"17",0.478592377050328,"0",0.619655018826501
"18",0.492769205321333,"0",0.610932252709073
"19",0.507365978559,"0",0.602079382012166
"20",0.522395136342314,"0",0.593098294125352
"21",0.537869486734556,"0",0.583991128768282
"22",0.553802217198517,"0",0.574760287048214
"23",0.570206905835041,"0",0.56540844029065
"24",0.587097532954482,"0",0.55593853858534
"25",0.60448849299092,"0",0.546353818985895
"26",0.622394606769304,"0",0.536657813297334
"27",0.640831134135973,"0",0.526854355381913
"28",0.659813786963315,"0",0.516947587909752
"29",0.679358742539647,"0",0.506941968477028
"30",0.699482657355735,"0",0.49684227501093
"31",0.720202681299692,"0",0.486653610377251
"32",0.741536472272356,"0",0.476381406103391
"33",0.763502211235612,"0",0.466031425126873
"34",0.786118617706459,"0",0.455609763477141
"35",0.809404965710059,"0",0.445122850796639
"36",0.833381100205329,"0",0.434577449605881
"37",0.858067453997105,"0",0.423980653216706
"38",0.883485065149268,"0",0.413339882197997
"39",0.909655594913684,"0",0.402662879299178
"40",0.93660134619023,"0",0.391957702738692
"41",0.96434528253365,"0",0.381232717767585
"42",0.992911047723418,"0",0.37049658642234
"43",1.02232298591331,"0",0.35975825538638
"44",1.05260616237784,"0",0.349026941886121
"45",1.08378638487324,"0",0.338312117555426
"46",1.1158902256312,"0",0.327623490211603
"47",1.14894504400413,"0",0.316970983497019
"48",1.18297900978114,"0",0.306364714352849
"49",1.21802112719478,"0",0.295814968305559
"50",1.25410125963884,"0",0.285332172562505
"51",1.29125015511839,"0",0.274926866930395
"52",1.32949947245362,"0",0.26460967258948
"53",1.36888180825999,"0",0.25439125877695
"54",1.40943072472751,"0",0.244282307455276
"55",1.4511807782229,"0",0.234293476064846
"56",1.49416754873907,"0",0.224435358485221
"57",1.53842767021683,"0",0.214718444355367
"58",1.58399886176494,"0",0.205153076930269
"59",1.6309199598048,"0",0.195749409678872
"60",1.67923095116745,"0",0.186517361856382
"61",1.72897300717088,"0",0.177466573311843
"62",1.78018851870689,"0",0.168606358819594
"63",1.8329211323671,"0",0.15994566224993
"64",1.88721578763933,"0",0.151493010919814
"65",1.94311875520556,"0",0.143256470488161
"66",2.00067767637455,"0",0.135243600781546
"67",2.05994160368238,"0",0.12746141295465
"68",2.12096104269579,"0",0.11991632840465
"69",2.18378799505367,"0",0.112614139869636
"70",2.24847600278368,"0",0.105559975147308
"71",2.31508019393148,"0",0.0987582638711166
"72",2.38365732954164,"0",0.0922127077762125
"73",2.45426585203024,"0",0.0859262548764226
"74",2.52696593499033,"0",0.0799010779557159
"75",2.60181953447269,"0",0.0741385577528063
"76",2.67889044178571,"0",0.0686392711854972
"77",2.75824433785923,"0",0.063402984921959
"78",2.83994884921877,"0",0.0584286545593926
"79",2.92407360561784,"0",0.0537144296166461
"80",3.01069029937738,"0",0.0492576644866703
"81",3.09987274648302,"0",0.0450549354277662
"82",3.19169694949208,"0",0.0411020636001058
"83",3.28624116230406,"0",0.0373941440769289
"84",3.38358595684973,"0",0.0339255806792289
"85",3.48381429175569,"0",0.0306901263999348
"86",3.58701158304288,"0",0.027680929100046
"87",3.69326577691934,"0",0.0248905820764634
"88",3.80266742472924,"0",0.0223111790211396
"89",3.91530976012201,"0",0.0199343728154307
"90",4.03128877850742,"0",0.0177514375340292
"91",4.15070331886421,"0",0.0157533329714364
"92",4.27365514797209,"0",0.0139307709523647
"93",4.40024904713885,"0",0.0122742826474091
"94",4.53059290149652,"0",0.0107742860882689
"95",4.66479779194255,"0",0.00942115306397653
"96",4.80297808980462,"0",0.00820527458192831
"97",4.94525155430946,"0",0.00711712409562428
"98",5.09173943293898,"0",0.00614731773507459
"99",5.24256656475911,"0",0.00528667082560671
"100",5.3978614868094,"0",0.00452625004560206
"101",5.55775654364421,"0",0.00385742065236031
"102",5.72238800011851,"0",0.00327188829622967
"103",5.89189615751485,"0",0.00276173504432755
"104",6.06642547311005,"0",0.00231944934420963
"105",6.24612468328382,"0",0.00193794977201215
"106",6.43114693027394,"0",0.00161060252595249
"107",6.62164989268636,"0",0.00133123274154749
"108",6.81779591987111,"0",0.00109412981639323
"109",0.3,"0.1",0.744093914896725
"110",0.3088865779842,"0.1",0.737704420917328
"111",0.318036393529297,"0.1",0.731188658252363
"112",0.327457244239003,"0.1",0.724545966834337
"113",0.337157158697073,"0.1",0.717775796470283
"114",0.347144403309382,"0.1",0.710877713758637
"115",0.357427489348673,"0.1",0.703851409157994
"116",0.368015180207985,"0.1",0.696696704194417
"117",0.378916498868944,"0.1",0.68941355879214
"118",0.390140735591273,"0.1",0.682002078710539
"119",0.40169745583009,"0.1",0.67446252306817
"120",0.413596508387719,"0.1",0.666795311932568
"121",0.425848033806986,"0.1",0.659001033952225
"122",0.438462473013132,"0.1",0.651080454004867
"123",0.45145057621172,"0.1",0.643034520833728
"124",0.464823412050111,"0.1",0.634864374641068
"125",0.478592377050328,"0.1",0.626571354605644
"126",0.492769205321333,"0.1",0.6181570062883
"127",0.507365978559,"0.1",0.609623088887213
"128",0.522395136342314,"0.1",0.600971582301767
"129",0.537869486734556,"0.1",0.592204693961406
"130",0.553802217198517,"0.1",0.583324865373271
"131",0.570206905835041,"0.1",0.574334778339925
"132",0.587097532954482,"0.1",0.565237360796044
"133",0.60448849299092,"0.1",0.556035792210639
"134",0.622394606769304,"0.1",0.546733508499265
"135",0.640831134135973,"0.1",0.537334206388617
"136",0.659813786963315,"0.1",0.527841847174249
"137",0.679358742539647,"0.1",0.51826065981058
"138",0.699482657355735,"0.1",0.508595143271197
"139",0.720202681299692,"0.1",0.498850068116606
"140",0.741536472272356,"0.1",0.489030477206106
"141",0.763502211235612,"0.1",0.479141685490456
"142",0.786118617706459,"0.1",0.469189278822424
"143",0.809404965710059,"0.1",0.459179111723367
"144",0.833381100205329,"0.1",0.449117304045458
"145",0.858067453997105,"0.1",0.439010236471448
"146",0.883485065149268,"0.1",0.428864544796674
"147",0.909655594913684,"0.1",0.418687112941583
"148",0.93660134619023,"0.1",0.408485064647387
"149",0.96434528253365,"0.1",0.398265753812534
"150",0.992911047723418,"0.1",0.388036753433605
"151",1.02232298591331,"0.1",0.377805843120999
"152",1.05260616237784,"0.1",0.367580995167327
"153",1.08378638487324,"0.1",0.357370359154899
"154",1.1158902256312,"0.1",0.347182245097979
"155",1.14894504400413,"0.1",0.337025105125568
"156",1.18297900978114,"0.1",0.326907513721419
"157",1.21802112719478,"0.1",0.316838146549667
"158",1.25410125963884,"0.1",0.30682575790678
"159",1.29125015511839,"0.1",0.296879156853626
"160",1.32949947245362,"0.1",0.28700718209491
"161",1.36888180825999,"0.1",0.277218675687274
"162",1.40943072472751,"0.1",0.267522455671626
"163",1.4511807782229,"0.1",0.257927287739724
"164",1.49416754873907,"0.1",0.248441856059565
"165",1.53842767021683,"0.1",0.239074733398441
"166",1.58399886176494,"0.1",0.22983435069656
"167",1.6309199598048,"0.1",0.220728966257608
"168",1.67923095116745,"0.1",0.21176663473536
"169",1.72897300717088,"0.1",0.202955176107265
"170",1.78018851870689,"0.1",0.194302144836527
"171",1.8329211323671,"0.1",0.185814799433419
"172",1.88721578763933,"0.1",0.177500072634161
"173",1.94311875520556,"0.1",0.169364542421434
"174",2.00067767637455,"0.1",0.16141440411429
"175",2.05994160368238,"0.1",0.153655443756675
"176",2.12096104269579,"0.1",0.146093013032794
"177",2.18378799505367,"0.1",0.138732005934006
"178",2.24847600278368,"0.1",0.131576837395698
"179",2.31508019393148,"0.1",0.124631424113562
"180",2.38365732954164,"0.1",0.117899167736861
"181",2.45426585203024,"0.1",0.111382940621562
"182",2.52696593499033,"0.1",0.105085074308774
"183",2.60181953447269,"0.1",0.0990073508736941
"184",2.67889044178571,"0.1",0.093150997267564
"185",2.75824433785923,"0.1",0.0875166827499766
"186",2.83994884921877,"0.1",0.0821045194816492
"187",2.92407360561784,"0.1",0.0769140663186758
"188",3.01069029937738,"0.1",0.0719443358187026
"189",3.09987274648302,"0.1",0.0671938044377943
"190",3.19169694949208,"0.1",0.0626604258643971
"191",3.28624116230406,"0.1",0.058341647404241
"192",3.38358595684973,"0.1",0.0542344292977083
"193",3.48381429175569,"0.1",0.0503352668196682
"194",3.58701158304288,"0.1",0.0466402149815052
"195",3.69326577691934,"0.1",0.043144915626586
"196",3.80266742472924,"0.1",0.0398446266841844
"197",3.91530976012201,"0.1",0.0367342533233889
"198",4.03128877850742,"0.1",0.0338083807281706
"199",4.15070331886421,"0.1",0.0310613081979734
"200",4.27365514797209,"0.1",0.0284870842652194
"201",4.40024904713885,"0.1",0.026079542512256
"202",4.53059290149652,"0.1",0.0238323377656871
"203",4.66479779194255,"0.1",0.0217389823458268
"204",4.80297808980462,"0.1",0.0197928820532157
"205",4.94525155430946,"0.1",0.0179873715826627
"206",5.09173943293898,"0.1",0.016315749067987
"207",5.24256656475911,"0.1",0.0147713094772796
"208",5.3978614868094,"0.1",0.0133473765987842
"209",5.55775654364421,"0.1",0.0120373333810151
"210",5.72238800011851,"0.1",0.0108346504170512
"211",5.89189615751485,"0.1",0.00973291239155969
"212",6.06642547311005,"0.1",0.00872584233948446
"213",6.24612468328382,"0.1",0.00780732359690299
"214",6.43114693027394,"0.1",0.00697141935675206
"215",6.62164989268636,"0.1",0.00621238977435051
"216",6.81779591987111,"0.1",0.00552470659935797
"217",7.01975217027875,"0.1",0.0049030653414583
"218",7.22769075391521,"0.1",0.00434239500615322
"219",7.44178887901637,"0.1",0.00383786546414906
"220",7.66222900306747,"0.1",0.00338489254252995
"221",7.88919898829598,"0.1",0.00297914094791767
"222",8.12289226177053,"0.1",0.00261652515087032
"223",8.36350798024212,"0.1",0.00229320837669856
"224",8.61125119986844,"0.1",0.00200559986057835
"225",8.86633305096566,"0.1",0.00175035053429045
"226",9.12897091793664,"0.1",0.00152434731816359
"227",9.39938862452909,"0.1",0.00132470619495129
"228",9.67781662458134,"0.1",0.00114876424260098
"229",0.3,"0.2",0.747258172866057
"230",0.3088865779842,"0.2",0.741024875415796
"231",0.318036393529297,"0.2",0.73467201377556
"232",0.327457244239003,"0.2",0.728199132011202
"233",0.337157158697073,"0.2",0.721605883054554
"234",0.347144403309382,"0.2",0.714892034834007
"235",0.357427489348673,"0.2",0.708057476488102
"236",0.368015180207985,"0.2",0.701102224646283
"237",0.378916498868944,"0.2",0.694026429759292
"238",0.390140735591273,"0.2",0.686830382459964
"239",0.40169745583009,"0.2",0.67951451993347
"240",0.413596508387719,"0.2",0.67207943227422
"241",0.425848033806986,"0.2",0.664525868804821
"242",0.438462473013132,"0.2",0.65685474433065
"243",0.45145057621172,"0.2",0.649067145301735
"244",0.464823412050111,"0.2",0.641164335851756
"245",0.478592377050328,"0.2",0.633147763682181
"246",0.492769205321333,"0.2",0.625019065757696
"247",0.507365978559,"0.2",0.61678007377737
"248",0.522395136342314,"0.2",0.608432819384282
"249",0.537869486734556,"0.2",0.599979539074739
"250",0.553802217198517,"0.2",0.591422678766763
"251",0.570206905835041,"0.2",0.582764897986104
"252",0.587097532954482,"0.2",0.574009073626925
"253",0.60448849299092,"0.2",0.56515830324325
"254",0.622394606769304,"0.2",0.556215907826486
"255",0.640831134135973,"0.2",0.547185434023784
"256",0.659813786963315,"0.2",0.53807065575173
"257",0.679358742539647,"0.2",0.528875575159862
"258",0.699482657355735,"0.2",0.519604422898858
"259",0.720202681299692,"0.2",0.510261657648934
"260",0.741536472272356,"0.2",0.500851964865096
"261",0.763502211235612,"0.2",0.491380254697321
"262",0.786118617706459,"0.2",0.481851659045755
"263",0.809404965710059,"0.2",0.472271527713291
"264",0.833381100205329,"0.2",0.462645423620828
"265",0.858067453997105,"0.2",0.452979117053802
"266",0.883485065149268,"0.2",0.443278578912458
"267",0.909655594913684,"0.2",0.433549972942673
"268",0.93660134619023,"0.2",0.423799646929028
"269",0.96434528253365,"0.2",0.414034122837215
"270",0.992911047723418,"0.2",0.404260085898734
"271",1.02232298591331,"0.2",0.394484372637253
"272",1.05260616237784,"0.2",0.384713957842813
"273",1.08378638487324,"0.2",0.374955940507367
"274",1.1158902256312,"0.2",0.365217528742791
"275",1.14894504400413,"0.2",0.355506023710571
"276",1.18297900978114,"0.2",0.345828802600649
"277",1.21802112719478,"0.2",0.336193300705505
"278",1.25410125963884,"0.2",0.326606992644252
"279",1.29125015511839,"0.2",0.317077372800301
"280",1.32949947245362,"0.2",0.30761193504499
"281",1.36888180825999,"0.2",0.298218151828222
"282",1.40943072472751,"0.2",0.288903452725671
"283",1.4511807782229,"0.2",0.279675202540299
"284",1.49416754873907,"0.2",0.270540679063716
"285",1.53842767021683,"0.2",0.261507050610139
"286",1.58399886176494,"0.2",0.25258135344235
"287",1.6309199598048,"0.2",0.243770469214893
"288",1.67923095116745,"0.2",0.235081102564758
"289",1.72897300717088,"0.2",0.22651975898385
"290",1.78018851870689,"0.2",0.218092723110486
"291",1.8329211323671,"0.2",0.209806037578999
"292",1.88721578763933,"0.2",0.201665482567085
"293",1.94311875520556,"0.2",0.19367655617982
"294",2.00067767637455,"0.2",0.185844455807157
"295",2.05994160368238,"0.2",0.178174060588232
"296",2.12096104269579,"0.2",0.170669915110894
"297",2.18378799505367,"0.2",0.16333621446855
"298",2.24847600278368,"0.2",0.156176790788639
"299",2.31508019393148,"0.2",0.149195101337984
"300",2.38365732954164,"0.2",0.142394218299837
"301",2.45426585203024,"0.2",0.13577682030579
"302",2.52696593499033,"0.2",0.129345185792994
"303",2.60181953447269,"0.2",0.123101188243335
"304",2.67889044178571,"0.2",0.117046293346632
"305",2.75824433785923,"0.2",0.111181558114598
"306",2.83994884921877,"0.2",0.10550763195646
"307",2.92407360561784,"0.2",0.10002475971097
"308",3.01069029937738,"0.2",0.0947327866132073
"309",3.09987274648302,"0.2",0.0896311651583275
"310",3.19169694949208,"0.2",0.0847189638083971
"311",3.28624116230406,"0.2",0.0799948774729584
"312",3.38358595684973,"0.2",0.0754572396790968
"313",3.48381429175569,"0.2",0.0711040363328145
"314",3.58701158304288,"0.2",0.0669329209605807
"315",3.69326577691934,"0.2",0.0629412313082144
"316",3.80266742472924,"0.2",0.0591260071639165
"317",3.91530976012201,"0.2",0.0554840092634253
"318",4.03128877850742,"0.2",0.0520117391280331
"319",4.15070331886421,"0.2",0.0487054596806585
"320",4.27365514797209,"0.2",0.0455612164813649
"321",4.40024904713885,"0.2",0.0425748594216938
"322",4.53059290149652,"0.2",0.0397420647169237
"323",4.66479779194255,"0.2",0.0370583570368625
"324",4.80297808980462,"0.2",0.0345191316189701
"325",4.94525155430946,"0.2",0.0321196762124075
"326",5.09173943293898,"0.2",0.0298551927079275
"327",5.24256656475911,"0.2",0.0277208183162219
"328",5.3978614868094,"0.2",0.0257116461662936
"329",5.55775654364421,"0.2",0.0238227452054559
"330",5.72238800011851,"0.2",0.0220491792935258
"331",5.89189615751485,"0.2",0.0203860253954701
"332",6.06642547311005,"0.2",0.0188283907890247
"333",6.24612468328382,"0.2",0.0173714292164346
"334",6.43114693027394,"0.2",0.0160103559222826
"335",6.62164989268636,"0.2",0.014740461532203
"336",6.81779591987111,"0.2",0.0135571247399521
"337",7.01975217027875,"0.2",0.0124558237826603
"338",7.22769075391521,"0.2",0.0114321466959847
"339",7.44178887901637,"0.2",0.0104818003521799
"340",7.66222900306747,"0.2",0.00960061829469253
"341",7.88919898829598,"0.2",0.0087845673926785
"342",8.12289226177053,"0.2",0.00802975334773894
"343",8.36350798024212,"0.2",0.00733242509314178
"344",8.61125119986844,"0.2",0.00668897813277312
"345",8.86633305096566,"0.2",0.0060959568730423
"346",9.12897091793664,"0.2",0.00555005600593085
"347",9.39938862452909,"0.2",0.00504812100534254
"348",9.67781662458134,"0.2",0.0045871478019039
"349",9.96449219841844,"0.2",0.00416428170341889
"350",10.2596596550658,"0.2",0.00377681562934821
"351",10.5635705404527,"0.2",0.00342218772801957
"352",10.8764838517838,"0.2",0.00309797844484883
"353",11.1986662582597,"0.2",0.002801907108733
"354",11.5303923283365,"0.2",0.00253182810204098
"355",11.8719447637171,"0.2",0.00228572667735637
"356",12.2236146402734,"0.2",0.00206171448139478
"357",12.5857016561054,"0.2",0.00185802484340707
"358",12.9585143869482,"0.2",0.00167300788196309
"359",13.3423705491449,"0.2",0.00150512548036366
"360",13.7375972704084,"0.2",0.001352946177118
"361",14.1445313686051,"0.2",0.00121514001401609
"362",14.5635196387954,"0.2",0.0010904733803781
"363",0.3,"0.3",0.75031738087101
"364",0.3088865779842,"0.3",0.744232452154163
"365",0.318036393529297,"0.3",0.738034135276422
"366",0.327457244239003,"0.3",0.731722148808367
"367",0.337157158697073,"0.3",0.725296318190522
"368",0.347144403309382,"0.3",0.718756581126155
"369",0.357427489348673,"0.3",0.712102993001165
"370",0.368015180207985,"0.3",0.705335732313968
"371",0.378916498868944,"0.3",0.698455106096897
"372",0.390140735591273,"0.3",0.691461555309205
"373",0.40169745583009,"0.3",0.684355660180385
"374",0.413596508387719,"0.3",0.67713814548108
"375",0.425848033806986,"0.3",0.669809885697467
"376",0.438462473013132,"0.3",0.662371910083645
"377",0.45145057621172,"0.3",0.654825407565193
"378",0.464823412050111,"0.3",0.647171731465815
"379",0.478592377050328,"0.3",0.639412404027739
"380",0.492769205321333,"0.3",0.631549120695429
"381",0.507365978559,"0.3",0.623583754131116
"382",0.522395136342314,"0.3",0.615518357929744
"383",0.537869486734556,"0.3",0.607355170000119
"384",0.553802217198517,"0.3",0.599096615578452
"385",0.570206905835041,"0.3",0.590745309839963
"386",0.587097532954482,"0.3",0.582304060074001
"387",0.60448849299092,"0.3",0.573775867388027
"388",0.622394606769304,"0.3",0.565163927905979
"389",0.640831134135973,"0.3",0.556471633426961
"390",0.659813786963315,"0.3",0.547702571510857
"391",0.679358742539647,"0.3",0.538860524958435
"392",0.699482657355735,"0.3",0.529949470654767
"393",0.720202681299692,"0.3",0.520973577746334
"394",0.741536472272356,"0.3",0.511937205124116
"395",0.763502211235612,"0.3",0.502844898187141
"396",0.786118617706459,"0.3",0.493701384863581
"397",0.809404965710059,"0.3",0.484511570869355
"398",0.833381100205329,"0.3",0.475280534187483
"399",0.858067453997105,"0.3",0.466013518755018
"400",0.883485065149268,"0.3",0.456715927348322
"401",0.909655594913684,"0.3",0.44739331366173
"402",0.93660134619023,"0.3",0.438051373579193
"403",0.96434528253365,"0.3",0.428695935643373
"404",0.992911047723418,"0.3",0.419332950731781
"405",1.02232298591331,"0.3",0.409968480954918
"406",1.05260616237784,"0.3",0.400608687796919
"407",1.08378638487324,"0.3",0.391259819524964
"408",1.1158902256312,"0.3",0.381928197899498
"409",1.14894504400413,"0.3",0.372620204223264
"410",1.18297900978114,"0.3",0.363342264773029
"411",1.21802112719478,"0.3",0.354100835663754
"412",1.25410125963884,"0.3",0.344902387200768
"413",1.29125015511839,"0.3",0.335753387781035
"414",1.32949947245362,"0.3",0.326660287410041
"415",1.36888180825999,"0.3",0.317629500905836
"416",1.40943072472751,"0.3",0.308667390866495
"417",1.4511807782229,"0.3",0.299780250481539
"418",1.49416754873907,"0.3",0.290974286271585
"419",1.53842767021683,"0.3",0.282255600843771
"420",1.58399886176494,"0.3",0.273630175753036
"421",1.6309199598048,"0.3",0.265103854561319
"422",1.67923095116745,"0.3",0.256682326187904
"423",1.72897300717088,"0.3",0.248371108644628
"424",1.78018851870689,"0.3",0.240175533249307
"425",1.8329211323671,"0.3",0.232100729409594
"426",1.88721578763933,"0.3",0.224151610067484
"427",1.94311875520556,"0.3",0.216332857891892
"428",2.00067767637455,"0.3",0.20864891230301
"429",2.05994160368238,"0.3",0.20110395740778
"430",2.12096104269579,"0.3",0.193701910920458
"431",2.18378799505367,"0.3",0.186446414136328
"432",2.24847600278368,"0.3",0.179340823019854
"433",2.31508019393148,"0.3",0.172388200461247
"434",2.38365732954164,"0.3",0.165591309747486
"435",2.45426585203024,"0.3",0.1589526092854
"436",2.52696593499033,"0.3",0.152474248605613
"437",2.60181953447269,"0.3",0.146158065666986
"438",2.67889044178571,"0.3",0.140005585471805
"439",2.75824433785923,"0.3",0.134018019992518
"440",2.83994884921877,"0.3",0.128196269401251
"441",2.92407360561784,"0.3",0.122540924583974
"442",3.01069029937738,"0.3",0.117052270911921
"443",3.09987274648302,"0.3",0.111730293233957
"444",3.19169694949208,"0.3",0.106574682045034
"445",3.28624116230406,"0.3",0.101584840777837
"446",3.38358595684973,"0.3",0.0967598941572265
"447",3.48381429175569,"0.3",0.0920986975502567
"448",3.58701158304288,"0.3",0.0875998472384263
"449",3.69326577691934,"0.3",0.083261691533479
"450",3.80266742472924,"0.3",0.0790823426535417
"451",3.91530976012201,"0.3",0.0750596892727248
"452",4.03128877850742,"0.3",0.0711914096545179
"453",4.15070331886421,"0.3",0.0674749852774135
"454",4.27365514797209,"0.3",0.0639077148601803
"455",4.40024904713885,"0.3",0.0604867286940728
"456",4.53059290149652,"0.3",0.0572090031899739
"457",4.66479779194255,"0.3",0.0540713755500049
"458",4.80297808980462,"0.3",0.0510705584754337
"459",4.94525155430946,"0.3",0.0482031548257405
"460",5.09173943293898,"0.3",0.0454656721473769
"461",5.24256656475911,"0.3",0.0428545369950296
"462",5.3978614868094,"0.3",0.0403661089729931
"463",5.55775654364421,"0.3",0.0379966944294925
"464",5.72238800011851,"0.3",0.0357425597424042
"465",5.89189615751485,"0.3",0.0335999441407133
"466",6.06642547311005,"0.3",0.031565072012151
"467",6.24612468328382,"0.3",0.0296341646536875
"468",6.43114693027394,"0.3",0.0278034514278494
"469",6.62164989268636,"0.3",0.026069180294108
"470",6.81779591987111,"0.3",0.0244276276907802
"471",7.01975217027875,"0.3",0.0228751077489406
"472",7.22769075391521,"0.3",0.021407980825693
"473",7.44178887901637,"0.3",0.0200226613497604
"474",7.66222900306747,"0.3",0.01871562497766
"475",7.88919898829598,"0.3",0.0174834150637146
"476",8.12289226177053,"0.3",0.0163226484517744
"477",8.36350798024212,"0.3",0.0152300206007592
"478",8.61125119986844,"0.3",0.0142023100599719
"479",8.86633305096566,"0.3",0.0132363823135592
"480",9.12897091793664,"0.3",0.0123291930165065
"481",9.39938862452909,"0.3",0.011477790647147
"482",9.67781662458134,"0.3",0.0106793186033539
"483",9.96449219841844,"0.3",0.00993101677136547
"484",10.2596596550658,"0.3",0.00923022259759637
"485",10.5635705404527,"0.3",0.00857437169481962
"486",10.8764838517838,"0.3",0.00796099801478953
"487",11.1986662582597,"0.3",0.00738773361973746
"488",11.5303923283365,"0.3",0.0068523080852334
"489",11.8719447637171,"0.3",0.00635254756669574
"490",12.2236146402734,"0.3",0.00588637356137202
"491",12.5857016561054,"0.3",0.00545180139693612
"492",12.9585143869482,"0.3",0.00504693847697572
"493",13.3423705491449,"0.3",0.00466998231260731
"494",13.7375972704084,"0.3",0.00431921836827901
"495",14.1445313686051,"0.3",0.0039930177485287
"496",14.5635196387954,"0.3",0.00368983475108138
"497",14.9949191487773,"0.3",0.00340820431021623
"498",15.4390975433852,"0.3",0.00314673935283239
"499",15.8964333578018,"0.3",0.00290412808811042
"500",16.3673163401509,"0.3",0.00267913125012378
"501",16.852147783647,"0.3",0.00247057931121414
"502",17.3513408685824,"0.3",0.00227736968242201
"503",17.8653210144461,"0.3",0.00209846391577088
"504",18.3945262424715,"0.3",0.0019328849217504
"505",18.9394075489253,"0.3",0.00177971421393979
"506",19.5004292894522,"0.3",0.00163808919136482
"507",20.0780695748058,"0.3",0.00150720046789637
"508",20.6728206783015,"0.3",0.00138628925677939
"509",21.2851894553385,"0.3",0.0012746448172325
"510",21.9156977753496,"0.3",0.00117160196898225
"511",22.5648829665456,"0.3",0.00107653867959288
"512",0.3,"0.4",0.753277409536884
"513",0.3088865779842,"0.4",0.747333610314986
"514",0.318036393529297,"0.4",0.741282125142354
"515",0.327457244239003,"0.4",0.735122821941862
"516",0.337157158697073,"0.4",0.728855672807777
"517",0.347144403309382,"0.4",0.722480758715949
"518",0.357427489348673,"0.4",0.715998274216375
"519",0.368015180207985,"0.4",0.709408532090744
"520",0.378916498868944,"0.4",0.702711967956493
"521",0.390140735591273,"0.4",0.695909144797785
"522",0.40169745583009,"0.4",0.689000757402762
"523",0.413596508387719,"0.4",0.681987636685396
"524",0.425848033806986,"0.4",0.674870753869248
"525",0.438462473013132,"0.4",0.667651224509546
"526",0.45145057621172,"0.4",0.660330312329112
"527",0.464823412050111,"0.4",0.652909432842879
"528",0.478592377050328,"0.4",0.645390156745087
"529",0.492769205321333,"0.4",0.637774213032636
"530",0.507365978559,"0.4",0.630063491837655
"531",0.522395136342314,"0.4",0.622260046941985
"532",0.537869486734556,"0.4",0.61436609794617
"533",0.553802217198517,"0.4",0.606384032065482
"534",0.570206905835041,"0.4",0.598316405525731
"535",0.587097532954482,"0.4",0.59016594453196
"536",0.60448849299092,"0.4",0.581935545783679
"537",0.622394606769304,"0.4",0.573628276511112
"538",0.640831134135973,"0.4",0.565247374007892
"539",0.659813786963315,"0.4",0.55679624463693
"540",0.679358742539647,"0.4",0.548278462287611
"541",0.699482657355735,"0.4",0.539697766264252
"542",0.720202681299692,"0.4",0.531058058587684
"543",0.741536472272356,"0.4",0.522363400694073
"544",0.763502211235612,"0.4",0.513618009517572
"545",0.786118617706459,"0.4",0.504826252946088
"546",0.809404965710059,"0.4",0.495992644642436
"547",0.833381100205329,"0.4",0.487121838226319
"548",0.858067453997105,"0.4",0.478218620815961
"549",0.883485065149268,"0.4",0.469287905931853
"550",0.909655594913684,"0.4",0.460334725768792
"551",0.93660134619023,"0.4",0.451364222846385
"552",0.96434528253365,"0.4",0.442381641052187
"553",0.992911047723418,"0.4",0.433392316095854
"554",1.02232298591331,"0.4",0.424401665396886
"555",1.05260616237784,"0.4",0.41541517743281
"556",1.08378638487324,"0.4",0.406438400578906
"557",1.1158902256312,"0.4",0.397476931474789
"558",1.14894504400413,"0.4",0.388536402957297
"559",1.18297900978114,"0.4",0.379622471603114
"560",1.21802112719478,"0.4",0.37074080492842
"561",1.25410125963884,"0.4",0.361897068296431
"562",1.29125015511839,"0.4",0.353096911587087
"563",1.32949947245362,"0.4",0.344345955686184
"564",1.36888180825999,"0.4",0.335649778853947
"565",1.40943072472751,"0.4",0.327013903035412
"566",1.4511807782229,"0.4",0.318443780176854
"567",1.49416754873907,"0.4",0.30994477861401
"568",1.53842767021683,"0.4",0.301522169598796
"569",1.58399886176494,"0.4",0.293181114031743
"570",1.6309199598048,"0.4",0.284926649467303
"571",1.67923095116745,"0.4",0.276763677458637
"572",1.72897300717088,"0.4",0.268696951307371
"573",1.78018851870689,"0.4",0.260731064282142
"574",1.8329211323671,"0.4",0.252870438367587
"575",1.88721578763933,"0.4",0.245119313602655
"576",1.94311875520556,"0.4",0.237481738063943
"577",2.00067767637455,"0.4",0.229961558545988
"578",2.05994160368238,"0.4",0.222562411986297
"579",2.12096104269579,"0.4",0.21528771767828
"580",2.18378799505367,"0.4",0.208140670310297
"581",2.24847600278368,"0.4",0.201124233863699
"582",2.31508019393148,"0.4",0.194241136397183
"583",2.38365732954164,"0.4",0.187493865738941
"584",2.45426585203024,"0.4",0.180884666102122
"585",2.52696593499033,"0.4",0.174415535633042
"586",2.60181953447269,"0.4",0.168088224895425
"587",2.67889044178571,"0.4",0.161904236287854
"588",2.75824433785923,"0.4",0.155864824385572
"589",2.83994884921877,"0.4",0.149970997191837
"590",2.92407360561784,"0.4",0.144223518278375
"591",3.01069029937738,"0.4",0.138622909788947
"592",3.09987274648302,"0.4",0.133169456274923
"593",3.19169694949208,"0.4",0.12786320932692
"594",3.28624116230406,"0.4",0.122703992962132
"595",3.38358595684973,"0.4",0.117691409722953
"596",3.48381429175569,"0.4",0.11282484743896
"597",3.58701158304288,"0.4",0.108103486601226
"598",3.69326577691934,"0.4",0.103526308295367
"599",3.80266742472924,"0.4",0.0990921026376252
"600",3.91530976012201,"0.4",0.0947994776567629
"601",4.03128877850742,"0.4",0.0906468685634536
"602",4.15070331886421,"0.4",0.0866325473483422
"603",4.27365514797209,"0.4",0.0827546326498691
"604",4.40024904713885,"0.4",0.079011099833386
"605",4.53059290149652,"0.4",0.0753997912239536
"606",4.66479779194255,"0.4",0.0719184264365124
"607",4.80297808980462,"0.4",0.0685646127488008
"608",4.94525155430946,"0.4",0.0653358554644471
"609",5.09173943293898,"0.4",0.062229568216026
"610",5.24256656475911,"0.4",0.059243083160531
"611",5.3978614868094,"0.4",0.0563736610226094
"612",5.55775654364421,"0.4",0.0536185009440106
"613",5.72238800011851,"0.4",0.0509747501009676
"614",5.89189615751485,"0.4",0.0484395130546218
"615",6.06642547311005,"0.4",0.0460098608030781
"616",6.24612468328382,"0.4",0.0436828395072002
"617",6.43114693027394,"0.4",0.0414554788657939
"618",6.62164989268636,"0.4",0.0393248001193351
"619",6.81779591987111,"0.4",0.0372878236648637
"620",7.01975217027875,"0.4",0.0353415762680397
"621",7.22769075391521,"0.4",0.0334830978616288
"622",7.44178887901637,"0.4",0.0317094479228283
"623",7.66222900306747,"0.4",0.0300177114248308
"624",7.88919898829598,"0.4",0.0284050043608523
"625",8.12289226177053,"0.4",0.0268684788414943
"626",8.36350798024212,"0.4",0.0254053277687654
"627",8.61125119986844,"0.4",0.0240127890923452
"628",8.86633305096566,"0.4",0.0226881496557269
"629",9.12897091793664,"0.4",0.021428748641727
"630",9.39938862452909,"0.4",0.0202319806284889
"631",9.67781662458134,"0.4",0.0190952982685526
"632",9.96449219841844,"0.4",0.0180162146048014
"633",10.2596596550658,"0.4",0.016992305038142
"634",10.5635705404527,"0.4",0.0160212089626381
"635",10.8764838517838,"0.4",0.0151006310844965
"636",11.1986662582597,"0.4",0.0142283424418215
"637",11.5303923283365,"0.4",0.0134021811424036
"638",11.8719447637171,"0.4",0.012620052837022
"639",12.2236146402734,"0.4",0.0118799309458049
"640",12.5857016561054,"0.4",0.0111798566551435
"641",12.9585143869482,"0.4",0.0105179387024847
"642",13.3423705491449,"0.4",0.00989235296606362
"643",13.7375972704084,"0.4",0.00930134187627479
"644",14.1445313686051,"0.4",0.00874321366494937
"645",14.5635196387954,"0.4",0.00821634146829832
"646",14.9949191487773,"0.4",0.00771916229872203
"647",15.4390975433852,"0.4",0.00725017590007781
"648",15.8964333578018,"0.4",0.0068079435003497
"649",16.3673163401509,"0.4",0.00639108647498939
"650",16.852147783647,"0.4",0.00599828493349919
"651",17.3513408685824,"0.4",0.00562827624111694
"652",17.8653210144461,"0.4",0.00527985348674391
"653",18.3945262424715,"0.4",0.00495186390753732
"654",18.9394075489253,"0.4",0.00464320727987405
"655",19.5004292894522,"0.4",0.00435283428568597
"656",20.0780695748058,"0.4",0.00407974486247492
"657",20.6728206783015,"0.4",0.00382298654464008
"658",21.2851894553385,"0.4",0.00358165280309548
"659",21.9156977753496,"0.4",0.00335488138952287
"660",22.5648829665456,"0.4",0.00314185269099802
"661",23.2332982738341,"0.4",0.00294178810014778
"662",23.9215133303027,"0.4",0.00275394840544219
"663",24.6301146426688,"0.4",0.00257763220570194
"664",25.3597060911083,"0.4",0.00241217435240656
"665",26.1109094438917,"0.4",0.00225694442292332
"666",26.8843648872634,"0.4",0.0021113452273413
"667",27.6807315710179,"0.4",0.00197481135118809
"668",28.5006881702364,"0.4",0.00184680773592942
"669",29.3449334636636,"0.4",0.00172682829880208
"670",30.214186929217,"0.4",0.00161439459320862
"671",31.1091893571359,"0.4",0.00150905451060662
"672",32.0307034812939,"0.4",0.00141038102455519
"673",32.9795146292116,"0.4",0.00131797097733602
"674",33.9564313913234,"0.4",0.00123144390934337
"675",34.9622863100705,"0.4",0.00115044093123787
"676",35.997936589405,"0.4",0.00107462363867918
"677",37.0642648253118,"0.4",0.00100367306929321
"678",0.3,"0.5",0.756143667296787
"679",0.3088865779842,"0.5",0.750334288463858
"680",0.318036393529297,"0.5",0.744422499787969
"681",0.327457244239003,"0.5",0.738408297120246
"682",0.337157158697073,"0.5",0.73229177729848
"683",0.347144403309382,"0.5",0.726073142232231
"684",0.357427489348673,"0.5",0.71975270293508
"685",0.368015180207985,"0.5",0.713330883487088
"686",0.378916498868944,"0.5",0.706808224909611
"687",0.390140735591273,"0.5",0.700185388933885
"688",0.40169745583009,"0.5",0.693463161644004
"689",0.413596508387719,"0.5",0.686642456974227
"690",0.425848033806986,"0.5",0.679724320039936
"691",0.438462473013132,"0.5",0.672709930281009
"692",0.45145057621172,"0.5",0.6656006043959
"693",0.464823412050111,"0.5",0.658397799044386
"694",0.478592377050328,"0.5",0.651103113296655
"695",0.492769205321333,"0.5",0.643718290806298
"696",0.507365978559,"0.5",0.636245221684759
"697",0.522395136342314,"0.5",0.628685944054937
"698",0.537869486734556,"0.5",0.621042645261913
"699",0.553802217198517,"0.5",0.613317662719237
"700",0.570206905835041,"0.5",0.60551348436981
"701",0.587097532954482,"0.5",0.597632748741187
"702",0.60448849299092,"0.5",0.5896782445761
"703",0.622394606769304,"0.5",0.581652910020146
"704",0.640831134135973,"0.5",0.573559831349923
"705",0.659813786963315,"0.5",0.56540224122644
"706",0.679358742539647,"0.5",0.557183516460338
"707",0.699482657355735,"0.5",0.548907175277364
"708",0.720202681299692,"0.5",0.540576874074644
"709",0.741536472272356,"0.5",0.532196403660567
"710",0.763502211235612,"0.5",0.523769684973523
"711",0.786118617706459,"0.5",0.51530076427737
"712",0.809404965710059,"0.5",0.5067938078342
"713",0.833381100205329,"0.5",0.498253096057902
"714",0.858067453997105,"0.5",0.489683017154995
"715",0.883485065149268,"0.5",0.481088060262264
"716",0.909655594913684,"0.5",0.472472808093945
"717",0.93660134619023,"0.5",0.463841929114358
"718",0.96434528253365,"0.5",0.455200169255145
"719",0.992911047723418,"0.5",0.44655234319951
"720",1.02232298591331,"0.5",0.437903325259001
"721",1.05260616237784,"0.5",0.429258039871569
"722",1.08378638487324,"0.5",0.420621451752618
"723",1.1158902256312,"0.5",0.411998555733723
"724",1.14894504400413,"0.5",0.403394366326411
"725",1.18297900978114,"0.5",0.394813907051002
"726",1.21802112719478,"0.5",0.386262199572868
"727",1.25410125963884,"0.5",0.377744252690548
"728",1.29125015511839,"0.5",0.369265051222066
"729",1.32949947245362,"0.5",0.360829544837291
"730",1.36888180825999,"0.5",0.352442636885445
"731",1.40943072472751,"0.5",0.344109173267765
"732",1.4511807782229,"0.5",0.335833931405848
"733",1.49416754873907,"0.5",0.327621609356419
"734",1.53842767021683,"0.5",0.319476815123032
"735",1.58399886176494,"0.5",0.311404056214661
"736",1.6309199598048,"0.5",0.303407729500173
"737",1.67923095116745,"0.5",0.295492111406341
"738",1.72897300717088,"0.5",0.287661348505326
"739",1.78018851870689,"0.5",0.279919448535538
"740",1.8329211323671,"0.5",0.272270271897311
"741",1.88721578763933,"0.5",0.264717523662143
"742",1.94311875520556,"0.5",0.257264746131198
"743",2.00067767637455,"0.5",0.249915311975442
"744",2.05994160368238,"0.5",0.24267241798626
"745",2.12096104269579,"0.5",0.235539079461626
"746",2.18378799505367,"0.5",0.228518125248948
"747",2.24847600278368,"0.5",0.221612193461657
"748",2.31508019393148,"0.5",0.214823727882421
"749",2.38365732954164,"0.5",0.208154975061633
"750",2.45426585203024,"0.5",0.201607982115573
"751",2.52696593499033,"0.5",0.195184595224409
"752",2.60181953447269,"0.5",0.188886458826019
"753",2.67889044178571,"0.5",0.182715015497551
"754",2.75824433785923,"0.5",0.176671506512688
"755",2.83994884921877,"0.5",0.170756973058796
"756",2.92407360561784,"0.5",0.16497225809456
"757",3.01069029937738,"0.5",0.159318008825361
"758",3.09987274648302,"0.5",0.153794679770521
"759",3.19169694949208,"0.5",0.148402536393746
"760",3.28624116230406,"0.5",0.143141659265512
"761",3.38358595684973,"0.5",0.138011948723937
"762",3.48381429175569,"0.5",0.133013129998749
"763",3.58701158304288,"0.5",0.128144758761363
"764",3.69326577691934,"0.5",0.123406227062807
"765",3.80266742472924,"0.5",0.11879676962029
"766",3.91530976012201,"0.5",0.11431547041259
"767",4.03128877850742,"0.5",0.109961269544113
"768",4.15070331886421,"0.5",0.10573297033748
"769",4.27365514797209,"0.5",0.101629246614767
"770",4.40024904713885,"0.5",0.0976486501280939
"771",4.53059290149652,"0.5",0.0937896181010612
"772",4.66479779194255,"0.5",0.090050480843593
"773",4.80297808980462,"0.5",0.0864294694039998
"774",4.94525155430946,"0.5",0.0829247232235506
"775",5.09173943293898,"0.5",0.0795342977604629
"776",5.24256656475911,"0.5",0.0762561720520089
"777",5.3978614868094,"0.5",0.0730882561853347
"778",5.55775654364421,"0.5",0.0700283986495967
"779",5.72238800011851,"0.5",0.0670743935441055
"780",5.89189615751485,"0.5",0.0642239876192993
"781",6.06642547311005,"0.5",0.0614748871295506
"782",6.24612468328382,"0.5",0.0588247644789911
"783",6.43114693027394,"0.5",0.0562712646437251
"784",6.62164989268636,"0.5",0.0538120113559592
"785",6.81779591987111,"0.5",0.0514446130376993
"786",7.01975217027875,"0.5",0.0491666684737297
"787",7.22769075391521,"0.5",0.0469757722155922
"788",7.44178887901637,"0.5",0.0448695197102043
"789",7.66222900306747,"0.5",0.0428455121485896
"790",7.88919898829598,"0.5",0.0409013610319343
"791",8.12289226177053,"0.5",0.039034692453815
"792",8.36350798024212,"0.5",0.037243151098978
"793",8.61125119986844,"0.5",0.0355244039604592
"794",8.86633305096566,"0.5",0.0338761437781419
"795",9.12897091793664,"0.5",0.0322960922030352
"796",9.39938862452909,"0.5",0.0307820026926288
"797",9.67781662458134,"0.5",0.029331663143638
"798",9.96449219841844,"0.5",0.027942898269302
"799",10.2596596550658,"0.5",0.0266135717291338
"800",10.5635705404527,"0.5",0.0253415880196545
"801",10.8764838517838,"0.5",0.0241248941351749
"802",11.1986662582597,"0.5",0.0229614810081237
"803",11.5303923283365,"0.5",0.0218493847387628
"804",11.8719447637171,"0.5",0.02078668762439
"805",12.2236146402734,"0.5",0.0197715189983038
"806",12.5857016561054,"0.5",0.0188020558889098
"807",12.9585143869482,"0.5",0.0178765235093821
"808",13.3423705491449,"0.5",0.016993195588261
"809",13.7375972704084,"0.5",0.0161503945512887
"810",14.1445313686051,"0.5",0.0153464915646421
"811",14.5635196387954,"0.5",0.0145799064495429
"812",14.9949191487773,"0.5",0.013849107478004
"813",15.4390975433852,"0.5",0.0131526110592104
"814",15.8964333578018,"0.5",0.0124889813257515
"815",16.3673163401509,"0.5",0.0118568296286045
"816",16.852147783647,"0.5",0.0112548139494407
"817",17.3513408685824,"0.5",0.0106816382384748
"818",17.8653210144461,"0.5",0.0101360516857171
"819",18.3945262424715,"0.5",0.00961684793311656
"820",18.9394075489253,"0.5",0.00912286423470812
"821",19.5004292894522,"0.5",0.00865298057149575
"822",20.0780695748058,"0.5",0.00820611872742514
"823",20.6728206783015,"0.5",0.00778124133242098
"824",21.2851894553385,"0.5",0.00737735087809121
"825",21.9156977753496,"0.5",0.00699348871133345
"826",22.5648829665456,"0.5",0.00662873401071903
"827",23.2332982738341,"0.5",0.00628220275018043
"828",23.9215133303027,"0.5",0.00595304665418778
"829",24.6301146426688,"0.5",0.00564045214827149
"830",25.3597060911083,"0.5",0.005343639308432
"831",26.1109094438917,"0.5",0.00506186081267352
"832",26.8843648872634,"0.5",0.00479440089760882
"833",27.6807315710179,"0.5",0.00454057432280444
"834",28.5006881702364,"0.5",0.0042997253452731
"835",29.3449334636636,"0.5",0.0040712267062706
"836",30.214186929217,"0.5",0.00385447863231866
"837",31.1091893571359,"0.5",0.00364890785215368
"838",32.0307034812939,"0.5",0.00345396663109258
"839",32.9795146292116,"0.5",0.00326913182411231
"840",33.9564313913234,"0.5",0.00309390394875696
"841",34.9622863100705,"0.5",0.00292780627881689
"842",35.997936589405,"0.5",0.0027703839595674
"843",37.0642648253118,"0.5",0.00262120314520794
"844",38.162179757969,"0.5",0.00247985015900931
"845",39.2926170461898,"0.5",0.0023459306765523
"846",40.456540064804,"0.5",0.00221906893232811
"847",41.6549407256599,"0.5",0.00209890694986758
"848",42.8888403229459,"0.5",0.00198510379547213
"849",44.1592904035518,"0.5",0.00187733485553421
"850",45.4673736632121,"0.5",0.00177529113735782
"851",46.814204869195,"0.5",0.0016786785933212
"852",48.200931810323,"0.5",0.0015872174681614
"853",49.6287362751348,"0.5",0.00150064166910628
"854",51.0988350590223,"0.5",0.00141869815853055
"855",52.6124810012015,"0.5",0.00134114636877039
"856",54.1709640523995,"0.5",0.00126775763869437
"857",55.7756123741693,"0.5",0.0011983146715964
"858",57.4277934707678,"0.5",0.00113261101394995
"859",59.1289153545628,"0.5",0.00107045055453977
"860",60.880427745961,"0.5",0.00101164704346924
"861",0.3,"0.6",0.758921147126344
"862",0.3088865779842,"0.6",0.753239958427724
"863",0.318036393529297,"0.6",0.747461251710653
"864",0.327457244239003,"0.6",0.741585132449517
"865",0.337157158697073,"0.6",0.735611803598672
"866",0.347144403309382,"0.6",0.729541569109516
"867",0.357427489348673,"0.6",0.723374837367521
"868",0.368015180207985,"0.6",0.717112124533135
"869",0.378916498868944,"0.6",0.710754057769814
"870",0.390140735591273,"0.6",0.704301378341963
"871",0.40169745583009,"0.6",0.69775494456506
"872",0.413596508387719,"0.6",0.691115734589862
"873",0.425848033806986,"0.6",0.684384849002259
"874",0.438462473013132,"0.6",0.677563513220113
"875",0.45145057621172,"0.6",0.670653079668305
"876",0.464823412050111,"0.6",0.663655029713139
"877",0.478592377050328,"0.6",0.656570975337402
"878",0.492769205321333,"0.6",0.649402660537505
"879",0.507365978559,"0.6",0.642151962424529
"880",0.522395136342314,"0.6",0.634820892011412
"881",0.537869486734556,"0.6",0.627411594669147
"882",0.553802217198517,"0.6",0.61992635023559
"883",0.570206905835041,"0.6",0.612367572761367
"884",0.587097532954482,"0.6",0.604737809878418
"885",0.60448849299092,"0.6",0.597039741777903
"886",0.622394606769304,"0.6",0.58927617978553
"887",0.640831134135973,"0.6",0.581450064523869
"888",0.659813786963315,"0.6",0.573564463652825
"889",0.679358742539647,"0.6",0.565622569181254
"890",0.699482657355735,"0.6",0.557627694344582
"891",0.720202681299692,"0.6",0.549583270045339
"892",0.741536472272356,"0.6",0.54149284085567
"893",0.763502211235612,"0.6",0.533360060583136
"894",0.786118617706459,"0.6",0.525188687403464
"895",0.809404965710059,"0.6",0.516982578566331
"896",0.833381100205329,"0.6",0.508745684682745
"897",0.858067453997105,"0.6",0.500482043605096
"898",0.883485065149268,"0.6",0.492195773913524
"899",0.909655594913684,"0.6",0.483891068024755
"900",0.93660134619023,"0.6",0.475572184942111
"901",0.96434528253365,"0.6",0.467243442667872
"902",0.992911047723418,"0.6",0.45890921030157
"903",1.02232298591331,"0.6",0.450573899850145
"904",1.05260616237784,"0.6",0.442241957778097
"905",1.08378638487324,"0.6",0.433917856327843
"906",1.1158902256312,"0.6",0.425606084642433
"907",1.14894504400413,"0.6",0.417311139724509
"908",1.18297900978114,"0.6",0.409037517266953
"909",1.21802112719478,"0.6",0.400789702392004
"910",1.25410125963884,"0.6",0.392572160336729
"911",1.29125015511839,"0.6",0.384389327123586
"912",1.32949947245362,"0.6",0.376245600255416
"913",1.36888180825999,"0.6",0.368145329474533
"914",1.40943072472751,"0.6",0.360092807625631
"915",1.4511807782229,"0.6",0.352092261661986
"916",1.49416754873907,"0.6",0.344147843833952
"917",1.53842767021683,"0.6",0.336263623097907
"918",1.58399886176494,"0.6",0.328443576782786
"919",1.6309199598048,"0.6",0.32069158254997
"920",1.67923095116745,"0.6",0.313011410680698
"921",1.72897300717088,"0.6",0.305406716723359
"922",1.78018851870689,"0.6",0.297881034530908
"923",1.8329211323671,"0.6",0.290437769716389
"924",1.88721578763933,"0.6",0.283080193552065
"925",1.94311875520556,"0.6",0.275811437335023
"926",2.00067767637455,"0.6",0.2686344872393
"927",2.05994160368238,"0.6",0.261552179671709
"928",2.12096104269579,"0.6",0.254567197145525
"929",2.18378799505367,"0.6",0.247682064683109
"930",2.24847600278368,"0.6",0.240899146755483
"931",2.31508019393148,"0.6",0.23422064476373
"932",2.38365732954164,"0.6",0.227648595064001
"933",2.45426585203024,"0.6",0.221184867534867
"934",2.52696593499033,"0.6",0.214831164682773
"935",2.60181953447269,"0.6",0.208589021278463
"936",2.67889044178571,"0.6",0.202459804514465
"937",2.75824433785923,"0.6",0.196444714671106
"938",2.83994884921877,"0.6",0.190544786276044
"939",2.92407360561784,"0.6",0.184760889739998
"940",3.01069029937738,"0.6",0.179093733449238
"941",3.09987274648302,"0.6",0.173543866293495
"942",3.19169694949208,"0.6",0.168111680606217
"943",3.28624116230406,"0.6",0.16279741549263
"944",3.38358595684973,"0.6",0.157601160519775
"945",3.48381429175569,"0.6",0.152522859741644
"946",3.58701158304288,"0.6",0.147562316031712
"947",3.69326577691934,"0.6",0.142719195694561
"948",3.80266742472924,"0.6",0.137993033327878
"949",3.91530976012201,"0.6",0.133383236905952
"950",4.03128877850742,"0.6",0.128889093055792
"951",4.15070331886421,"0.6",0.124509772497196
"952",4.27365514797209,"0.6",0.120244335618504
"953",4.40024904713885,"0.6",0.116091738160298
"954",4.53059290149652,"0.6",0.112050836980041
"955",4.66479779194255,"0.6",0.108120395871479
"956",4.80297808980462,"0.6",0.104299091413617
"957",4.94525155430946,"0.6",0.100585518825153
"958",5.09173943293898,"0.6",0.0969781978014451
"959",5.24256656475911,"0.6",0.0934755783123362
"960",5.3978614868094,"0.6",0.0900760463404945
"961",5.55775654364421,"0.6",0.0867779295413103
"962",5.72238800011851,"0.6",0.0835795028067987
"963",5.89189615751485,"0.6",0.0804789937174028
"964",6.06642547311005,"0.6",0.0774745878670474
"965",6.24612468328382,"0.6",0.0745644340482416
"966",6.43114693027394,"0.6",0.0717466492854774
"967",6.62164989268636,"0.6",0.0690193237065877
"968",6.81779591987111,"0.6",0.0663805252431241
"969",7.01975217027875,"0.6",0.0638283041521655
"970",7.22769075391521,"0.6",0.0613606973532784
"971",7.44178887901637,"0.6",0.058975732575608
"972",7.66222900306747,"0.6",0.0566714323112784
"973",7.88919898829598,"0.6",0.0544458175724213
"974",8.12289226177053,"0.6",0.052296911450224
"975",8.36350798024212,"0.6",0.0502227424754017
"976",8.61125119986844,"0.6",0.0482213477804303
"977",8.86633305096566,"0.6",0.0462907760647486
"978",9.12897091793664,"0.6",0.0444290903649373
"979",9.39938862452909,"0.6",0.0426343706326055
"980",9.67781662458134,"0.6",0.0409047161233774
"981",9.96449219841844,"0.6",0.0392382476009569
"982",10.2596596550658,"0.6",0.0376331093607754
"983",10.5635705404527,"0.6",0.0360874710781795
"984",10.8764838517838,"0.6",0.0345995294865163
"985",11.1986662582597,"0.6",0.0331675098908069
"986",11.5303923283365,"0.6",0.031789667522979
"987",11.8719447637171,"0.6",0.0304642887448538
"988",12.2236146402734,"0.6",0.0291896921052605
"989",12.5857016561054,"0.6",0.0279642292577756
"990",12.9585143869482,"0.6",0.0267862857456734
"991",13.3423705491449,"0.6",0.0256542816607121
"992",13.7375972704084,"0.6",0.0245666721823939
"993",14.1445313686051,"0.6",0.0235219480043033
"994",14.5635196387954,"0.6",0.0225186356540745
"995",14.9949191487773,"0.6",0.0215552977134533
"996",15.4390975433852,"0.6",0.0206305329448072
"997",15.8964333578018,"0.6",0.0197429763303085
"998",16.3673163401509,"0.6",0.018891299029863
"999",16.852147783647,"0.6",0.0180742082636937
"1000",17.3513408685824,"0.6",0.0172904471253048
"1001",17.8653210144461,"0.6",0.0165387943303644
"1002",18.3945262424715,"0.6",0.0158180639068396
"1003",18.9394075489253,"0.6",0.0151271048315127
"1004",19.5004292894522,"0.6",0.0144648006177934
"1005",20.0780695748058,"0.6",0.0138300688595226
"1006",20.6728206783015,"0.6",0.0132218607352476
"1007",21.2851894553385,"0.6",0.0126391604772274
"1008",21.9156977753496,"0.6",0.0120809848092051
"1009",22.5648829665456,"0.6",0.0115463823567705
"1010",23.2332982738341,"0.6",0.0110344330339188
"1011",23.9215133303027,"0.6",0.0105442474091994
"1012",24.6301146426688,"0.6",0.0100749660546428
"1013",25.3597060911083,"0.6",0.00962575888044998
"1014",26.1109094438917,"0.6",0.0091958244582343
"1015",26.8843648872634,"0.6",0.00878438933541124
"1016",27.6807315710179,"0.6",0.00839070734315101
"1017",28.5006881702364,"0.6",0.00801405890012851
"1018",29.3449334636636,"0.6",0.00765375031413591
"1019",30.214186929217,"0.6",0.00730911308345821
"1020",31.1091893571359,"0.6",0.00697950319975665
"1021",32.0307034812939,"0.6",0.00666430045405476
"1022",32.9795146292116,"0.6",0.00636290774728027
"1023",33.9564313913234,"0.6",0.0060747504066808
"1024",34.9622863100705,"0.6",0.00579927550930394
"1025",35.997936589405,"0.6",0.00553595121361155
"1026",37.0642648253118,"0.6",0.00528426610018399
"1027",38.162179757969,"0.6",0.00504372852236358
"1028",39.2926170461898,"0.6",0.00481386596758543
"1029",40.456540064804,"0.6",0.00459422443005032
"1030",41.6549407256599,"0.6",0.00438436779530586
"1031",42.8888403229459,"0.6",0.00418387723722052
"1032",44.1592904035518,"0.6",0.00399235062775871
"1033",45.4673736632121,"0.6",0.00380940195989432
"1034",46.814204869195,"0.6",0.00363466078393472
"1035",48.200931810323,"0.6",0.00346777165746645
"1036",49.6287362751348,"0.6",0.00330839360907857
"1037",51.0988350590223,"0.6",0.00315619961596787
"1038",52.6124810012015,"0.6",0.00301087609548375
"1039",54.1709640523995,"0.6",0.00287212241062748
"1040",55.7756123741693,"0.6",0.00273965038948178
"1041",57.4277934707678,"0.6",0.00261318385851114
"1042",59.1289153545628,"0.6",0.00249245818964156
"1043",60.880427745961,"0.6",0.00237721986099957
"1044",62.6838233088808,"0.6",0.0022672260311647
"1045",64.5406389228213,"0.6",0.00216224412676671
"1046",66.4524569926137,"0.6",0.00206205144323849
"1047",68.4209067969689,"0.6",0.00196643475851799
"1048",70.4476658769719,"0.6",0.00187518995947643
"1049",72.5344614657071,"0.6",0.00178812168083726
"1050",74.6830719602303,"0.6",0.00170504295633821
"1051",76.8953284371443,"0.6",0.00162577488187955
"1052",79.1731162130687,"0.6",0.00155014629039321
"1053",81.5183764513338,"0.6",0.00147799343816124
"1054",83.9331078162676,"0.6",0.00140915970230675
"1055",86.4193681764859,"0.6",0.00134349528917683
"1056",88.979276358638,"0.6",0.00128085695333401
"1057",91.6150139531003,"0.6",0.00122110772687159
"1058",94.3288271731596,"0.6",0.00116411665876728
"1059",97.1230287692674,"0.6",0.00110975856398993
"1060",100,"0.6",0.00105791378207529
"1061",0.3,"0.7",0.761614467539796
"1062",0.3088865779842,"0.7",0.756055672404416
"1063",0.318036393529297,"0.7",0.750403903571094
"1064",0.327457244239003,"0.7",0.744659360452467
"1065",0.337157158697073,"0.7",0.738822336236894
"1066",0.347144403309382,"0.7",0.732893220892404
"1067",0.357427489348673,"0.7",0.726872504070109
"1068",0.368015180207985,"0.7",0.720760777892089
"1069",0.378916498868944,"0.7",0.714558739608413
"1070",0.390140735591273,"0.7",0.708267194107647
"1071",0.40169745583009,"0.7",0.701887056264976
"1072",0.413596508387719,"0.7",0.695419353111926
"1073",0.425848033806986,"0.7",0.688865225811588
"1074",0.438462473013132,"0.7",0.682225931423287
"1075",0.45145057621172,"0.7",0.675502844440765
"1076",0.464823412050111,"0.7",0.668697458088151
"1077",0.478592377050328,"0.7",0.661811385358355
"1078",0.492769205321333,"0.7",0.65484635977895
"1079",0.507365978559,"0.7",0.647804235891163
"1080",0.522395136342314,"0.7",0.64068698942831
"1081",0.537869486734556,"0.7",0.633496717180768
"1082",0.553802217198517,"0.7",0.62623563653555
"1083",0.570206905835041,"0.7",0.618906084679556
"1084",0.587097532954482,"0.7",0.611510517456777
"1085",0.60448849299092,"0.7",0.604051507870994
"1086",0.622394606769304,"0.7",0.596531744226925
"1087",0.640831134135973,"0.7",0.588954027904307
"1088",0.659813786963315,"0.7",0.581321270760971
"1089",0.679358742539647,"0.7",0.573636492162752
"1090",0.699482657355735,"0.7",0.56590281563981
"1091",0.720202681299692,"0.7",0.558123465170861
"1092",0.741536472272356,"0.7",0.550301761098748
"1093",0.763502211235612,"0.7",0.542441115682788
"1094",0.786118617706459,"0.7",0.534545028295344
"1095",0.809404965710059,"0.7",0.526617080272164
"1096",0.833381100205329,"0.7",0.518660929428065
"1097",0.858067453997105,"0.7",0.510680304251628
"1098",0.883485065149268,"0.7",0.502678997794573
"1099",0.909655594913684,"0.7",0.494660861273492
"1100",0.93660134619023,"0.7",0.486629797403534
"1101",0.96434528253365,"0.7",0.478589753485494
"1102",0.992911047723418,"0.7",0.470544714269489
"1103",1.02232298591331,"0.7",0.462498694620053
"1104",1.05260616237784,"0.7",0.454455732008998
"1105",1.08378638487324,"0.7",0.446419878863701
"1106",1.1158902256312,"0.7",0.43839519479974
"1107",1.14894504400413,"0.7",0.430385738767751
"1108",1.18297900978114,"0.7",0.422395561145278
"1109",1.21802112719478,"0.7",0.41442869580497
"1110",1.25410125963884,"0.7",0.406489152190962
"1111",1.29125015511839,"0.7",0.398580907435455
"1112",1.32949947245362,"0.7",0.390707898547552
"1113",1.36888180825999,"0.7",0.382874014706164
"1114",1.40943072472751,"0.7",0.375083089688409
"1115",1.4511807782229,"0.7",0.367338894464236
"1116",1.49416754873907,"0.7",0.359645129987189
"1117",1.53842767021683,"0.7",0.352005420210157
"1118",1.58399886176494,"0.7",0.344423305353684
"1119",1.6309199598048,"0.7",0.336902235452996
"1120",1.67923095116745,"0.7",0.329445564208284
"1121",1.72897300717088,"0.7",0.322056543161002
"1122",1.78018851870689,"0.7",0.314738316217057
"1123",1.8329211323671,"0.7",0.307493914535688
"1124",1.88721578763933,"0.7",0.30032625180075
"1125",1.94311875520556,"0.7",0.293238119888837
"1126",2.00067767637455,"0.7",0.286232184946412
"1127",2.05994160368238,"0.7",0.279310983885771
"1128",2.12096104269579,"0.7",0.27247692130729
"1129",2.18378799505367,"0.7",0.265732266853035
"1130",2.24847600278368,"0.7",0.259079152994443
"1131",2.31508019393148,"0.7",0.252519573254485
"1132",2.38365732954164,"0.7",0.246055380862393
"1133",2.45426585203024,"0.7",0.239688287836881
"1134",2.52696593499033,"0.7",0.23341986449161
"1135",2.60181953447269,"0.7",0.227251539354668
"1136",2.67889044178571,"0.7",0.221184599491895
"1137",2.75824433785923,"0.7",0.215220191222098
"1138",2.83994884921877,"0.7",0.209359321210563
"1139",2.92407360561784,"0.7",0.203602857925741
"1140",3.01069029937738,"0.7",0.197951533442649
"1141",3.09987274648302,"0.7",0.192405945575289
"1142",3.19169694949208,"0.7",0.186966560319391
"1143",3.28624116230406,"0.7",0.18163371458584
"1144",3.38358595684973,"0.7",0.176407619204493
"1145",3.48381429175569,"0.7",0.171288362177446
"1146",3.58701158304288,"0.7",0.166275912160486
"1147",3.69326577691934,"0.7",0.161370122151123
"1148",3.80266742472924,"0.7",0.15657073336156
"1149",3.91530976012201,"0.7",0.151877379254924
"1150",4.03128877850742,"0.7",0.147289589723282
"1151",4.15070331886421,"0.7",0.142806795386239
"1152",4.27365514797209,"0.7",0.138428331989309
"1153",4.40024904713885,"0.7",0.134153444881763
"1154",4.53059290149652,"0.7",0.129981293554259
"1155",4.66479779194255,"0.7",0.125910956217248
"1156",4.80297808980462,"0.7",0.121941434401903
"1157",4.94525155430946,"0.7",0.118071657566173
"1158",5.09173943293898,"0.7",0.114300487689411
"1159",5.24256656475911,"0.7",0.110626723840003
"1160",5.3978614868094,"0.7",0.107049106701343
"1161",5.55775654364421,"0.7",0.103566323042527
"1162",5.72238800011851,"0.7",0.100177010121145
"1163",5.89189615751485,"0.7",0.0968797600065439
"1164",6.06642547311005,"0.7",0.0936731238130071
"1165",6.24612468328382,"0.7",0.0905556158332537
"1166",6.43114693027394,"0.7",0.0875257175637203
"1167",6.62164989268636,"0.7",0.084581881614035
"1168",6.81779591987111,"0.7",0.0817225354940793
"1169",7.01975217027875,"0.7",0.078946085272957
"1170",7.22769075391521,"0.7",0.0762509191050949
"1171",7.44178887901637,"0.7",0.0736354106195662
"1172",7.66222900306747,"0.7",0.071097922169552
"1173",7.88919898829598,"0.7",0.0686368079396424
"1174",8.12289226177053,"0.7",0.0662504169094195
"1175",8.36350798024212,"0.7",0.0639370956724612
"1176",8.61125119986844,"0.7",0.0616951911105535
"1177",8.86633305096566,"0.7",0.059523052923505
"1178",9.12897091793664,"0.7",0.057419036015514
"1179",9.39938862452909,"0.7",0.0553815027395477
"1180",9.67781662458134,"0.7",0.0534088250016622
"1181",9.96449219841844,"0.7",0.0514993862276089
"1182",10.2596596550658,"0.7",0.0496515831944532
"1183",10.5635705404527,"0.7",0.0478638277302631
"1184",10.8764838517838,"0.7",0.0461345482852216
"1185",11.1986662582597,"0.7",0.0444621913777708
"1186",11.5303923283365,"0.7",0.0428452229196128
"1187",11.8719447637171,"0.7",0.0412821294235751
"1188",12.2236146402734,"0.7",0.0397714190984982
"1189",12.5857016561054,"0.7",0.038311622835418
"1190",12.9585143869482,"0.7",0.0369012950894073
"1191",13.3423705491449,"0.7",0.0355390146614982
"1192",13.7375972704084,"0.7",0.0342233853851469
"1193",14.1445313686051,"0.7",0.0329530367217118
"1194",14.5635196387954,"0.7",0.0317266242694095
"1195",14.9949191487773,"0.7",0.0305428301901848
"1196",15.4390975433852,"0.7",0.0294003635588871
"1197",15.8964333578018,"0.7",0.0282979606390831
"1198",16.3673163401509,"0.7",0.0272343850897634
"1199",16.852147783647,"0.7",0.026208428107113
"1200",17.3513408685824,"0.7",0.0252189085054205
"1201",17.8653210144461,"0.7",0.0242646727410904
"1202",18.3945262424715,"0.7",0.0233445948836155
"1203",18.9394075489253,"0.7",0.0224575765372395
"1204",19.5004292894522,"0.7",0.0216025467169197
"1205",20.0780695748058,"0.7",0.0207784616820654
"1206",20.6728206783015,"0.7",0.0199843047313997
"1207",21.2851894553385,"0.7",0.0192190859621524
"1208",21.9156977753496,"0.7",0.0184818419966603
"1209",22.5648829665456,"0.7",0.0177716356793101
"1210",23.2332982738341,"0.7",0.0170875557466258
"1211",23.9215133303027,"0.7",0.0164287164731668
"1212",24.6301146426688,"0.7",0.0157942572957644
"1213",25.3597060911083,"0.7",0.0151833424184987
"1214",26.1109094438917,"0.7",0.014595160400682
"1215",26.8843648872634,"0.7",0.0140289237299908
"1216",27.6807315710179,"0.7",0.0134838683827628
"1217",28.5006881702364,"0.7",0.0129592533733551
"1218",29.3449334636636,"0.7",0.0124543602943419
"1219",30.214186929217,"0.7",0.0119684928492161
"1220",31.1091893571359,"0.7",0.0115009763791511
"1221",32.0307034812939,"0.7",0.0110511573852695
"1222",32.9795146292116,"0.7",0.0106184030477684
"1223",33.9564313913234,"0.7",0.010202100743151
"1224",34.9622863100705,"0.7",0.00980165756071814
"1225",35.997936589405,"0.7",0.009416499819391
"1226",37.0642648253118,"0.7",0.00904607258584312
"1227",38.162179757969,"0.7",0.00868983919484478
"1228",39.2926170461898,"0.7",0.0083472807726424
"1229",40.456540064804,"0.7",0.00801789576412422
"1230",41.6549407256599,"0.7",0.00770119946445319
"1231",42.8888403229459,"0.7",0.00739672355578345
"1232",44.1592904035518,"0.7",0.00710401564961471
"1233",45.4673736632121,"0.7",0.00682263883528058
"1234",46.814204869195,"0.7",0.00655217123501253
"1235",48.200931810323,"0.7",0.0062922055659697
"1236",49.6287362751348,"0.7",0.00604234870957681
"1237",51.0988350590223,"0.7",0.00580222128846726
"1238",52.6124810012015,"0.7",0.00557145725128681
"1239",54.1709640523995,"0.7",0.005349703465574
"1240",55.7756123741693,"0.7",0.00513661931889691
"1241",57.4277934707678,"0.7",0.00493187632839247
"1242",59.1289153545628,"0.7",0.00473515775882279
"1243",60.880427745961,"0.7",0.00454615824923459
"1244",62.6838233088808,"0.7",0.00436458344828049
"1245",64.5406389228213,"0.7",0.004190149658237
"1246",66.4524569926137,"0.7",0.00402258348773103
"1247",68.4209067969689,"0.7",0.00386162151316646
"1248",70.4476658769719,"0.7",0.00370700994882313
"1249",72.5344614657071,"0.7",0.00355850432558387
"1250",74.6830719602303,"0.7",0.00341586917822918
"1251",76.8953284371443,"0.7",0.00327887774122553
"1252",79.1731162130687,"0.7",0.0031473116529204
"1253",81.5183764513338,"0.7",0.00302096066804567
"1254",83.9331078162676,"0.7",0.00289962237842132
"1255",86.4193681764859,"0.7",0.00278310194174199
"1256",88.979276358638,"0.7",0.00267121181832123
"1257",91.6150139531003,"0.7",0.00256377151566147
"1258",94.3288271731596,"0.7",0.00246060734071163
"1259",97.1230287692674,"0.7",0.00236155215966922
"1260",100,"0.7",0.00226644516517941
"1261",0.3,"0.8",0.764227908671882
"1262",0.3088865779842,"0.8",0.758786104297942
"1263",0.318036393529297,"0.8",0.753255555496976
"1264",0.327457244239003,"0.8",0.747636542144131
"1265",0.337157158697073,"0.8",0.741929434082412
"1266",0.347144403309382,"0.8",0.736134693665307
"1267",0.357427489348673,"0.8",0.73025287818386
"1268",0.368015180207985,"0.8",0.724284642164503
"1269",0.378916498868944,"0.8",0.71823073952383
"1270",0.390140735591273,"0.8",0.712092025566338
"1271",0.40169745583009,"0.8",0.705869458811187
"1272",0.413596508387719,"0.8",0.699564102634051
"1273",0.425848033806986,"0.8",0.693177126710272
"1274",0.438462473013132,"0.8",0.686709808245762
"1275",0.45145057621172,"0.8",0.680163532982419
"1276",0.464823412050111,"0.8",0.673539795965221
"1277",0.478592377050328,"0.8",0.666840202058695
"1278",0.492769205321333,"0.8",0.660066466201062
"1279",0.507365978559,"0.8",0.653220413385066
"1280",0.522395136342314,"0.8",0.646303978355345
"1281",0.537869486734556,"0.8",0.639319205013074
"1282",0.553802217198517,"0.8",0.632268245519689
"1283",0.570206905835041,"0.8",0.625153359092555
"1284",0.587097532954482,"0.8",0.617976910486722
"1285",0.60448849299092,"0.8",0.610741368158147
"1286",0.622394606769304,"0.8",0.603449302105199
"1287",0.640831134135973,"0.8",0.596103381386695
"1288",0.659813786963315,"0.8",0.588706371316255
"1289",0.679358742539647,"0.8",0.58126113033435
"1290",0.699482657355735,"0.8",0.57377060656106
"1291",0.720202681299692,"0.8",0.566237834034229
"1292",0.741536472272356,"0.8",0.558665928639415
"1293",0.763502211235612,"0.8",0.551058083739746
"1294",0.786118617706459,"0.8",0.54341756551551
"1295",0.809404965710059,"0.8",0.535747708025014
"1296",0.833381100205329,"0.8",0.528051907999924
"1297",0.858067453997105,"0.8",0.520333619389943
"1298",0.883485065149268,"0.8",0.512596347673244
"1299",0.909655594913684,"0.8",0.504843643950615
"1300",0.93660134619023,"0.8",0.497079098842671
"1301",0.96434528253365,"0.8",0.48930633621084
"1302",0.992911047723418,"0.8",0.481529006724044
"1303",1.02232298591331,"0.8",0.473750781294073
"1304",1.05260616237784,"0.8",0.465975344403656
"1305",1.08378638487324,"0.8",0.458206387352004
"1306",1.1158902256312,"0.8",0.450447601443299
"1307",1.14894504400413,"0.8",0.442702671144112
"1308",1.18297900978114,"0.8",0.434975267236046
"1309",1.21802112719478,"0.8",0.427269039990108
"1310",1.25410125963884,"0.8",0.419587612389284
"1311",1.29125015511839,"0.8",0.411934573425637
"1312",1.32949947245362,"0.8",0.404313471497891
"1313",1.36888180825999,"0.8",0.396727807934937
"1314",1.40943072472751,"0.8",0.38918103067004
"1315",1.4511807782229,"0.8",0.381676528089643
"1316",1.49416754873907,"0.8",0.374217623079706
"1317",1.53842767021683,"0.8",0.366807567291336
"1318",1.58399886176494,"0.8",0.359449535646221
"1319",1.6309199598048,"0.8",0.352146621100956
"1320",1.67923095116745,"0.8",0.344901829687852
"1321",1.72897300717088,"0.8",0.337718075848209
"1322",1.78018851870689,"0.8",0.330598178072351
"1323",1.8329211323671,"0.8",0.323544854858948
"1324",1.88721578763933,"0.8",0.316560721004354
"1325",1.94311875520556,"0.8",0.309648284230856
"1326",2.00067767637455,"0.8",0.302809942160827
"1327",2.05994160368238,"0.8",0.296047979641934
"1328",2.12096104269579,"0.8",0.289364566426685
"1329",2.18378799505367,"0.8",0.282761755207738
"1330",2.24847600278368,"0.8",0.276241480008609
"1331",2.31508019393148,"0.8",0.269805554927667
"1332",2.38365732954164,"0.8",0.263455673231602
"1333",2.45426585203024,"0.8",0.257193406792937
"1334",2.52696593499033,"0.8",0.251020205864643
"1335",2.60181953447269,"0.8",0.244937399183444
"1336",2.67889044178571,"0.8",0.238946194392101
"1337",2.75824433785923,"0.8",0.233047678769695
"1338",2.83994884921877,"0.8",0.227242820257848
"1339",2.92407360561784,"0.8",0.221532468769783
"1340",3.01069029937738,"0.8",0.215917357768277
"1341",3.09987274648302,"0.8",0.210398106097775
"1342",3.19169694949208,"0.8",0.2049752200553
"1343",3.28624116230406,"0.8",0.199649095684274
"1344",3.38358595684973,"0.8",0.194420021274964
"1345",3.48381429175569,"0.8",0.189288180054975
"1346",3.58701158304288,"0.8",0.18425365305304
"1347",3.69326577691934,"0.8",0.179316422119277
"1348",3.80266742472924,"0.8",0.17447637308515
"1349",3.91530976012201,"0.8",0.16973329904644
"1350",4.03128877850742,"0.8",0.165086903752826
"1351",4.15070331886421,"0.8",0.160536805087901
"1352",4.27365514797209,"0.8",0.1560825386239
"1353",4.40024904713885,"0.8",0.151723561235795
"1354",4.53059290149652,"0.8",0.147459254759986
"1355",4.66479779194255,"0.8",0.143288929683324
"1356",4.80297808980462,"0.8",0.139211828848852
"1357",4.94525155430946,"0.8",0.13522713116528
"1358",5.09173943293898,"0.8",0.131333955307903
"1359",5.24256656475911,"0.8",0.127531363399371
"1360",5.3978614868094,"0.8",0.123818364659456
"1361",5.55775654364421,"0.8",0.120193919013705
"1362",5.72238800011851,"0.8",0.116656940651607
"1363",5.89189615751485,"0.8",0.113206301525663
"1364",6.06642547311005,"0.8",0.109840834783496
"1365",6.24612468328382,"0.8",0.106559338125864
"1366",6.43114693027394,"0.8",0.103360577084209
"1367",6.62164989268636,"0.8",0.100243288212016
"1368",6.81779591987111,"0.8",0.0972061821850348
"1369",7.01975217027875,"0.8",0.094247946806027
"1370",7.22769075391521,"0.8",0.0913672499103659
"1371",7.44178887901637,"0.8",0.0885627421694557
"1372",7.66222900306747,"0.8",0.0858330597895006
"1373",7.88919898829598,"0.8",0.083176827103738
"1374",8.12289226177053,"0.8",0.0805926590567677
"1375",8.36350798024212,"0.8",0.0780791635801181
"1376",8.61125119986844,"0.8",0.0756349438586515
"1377",8.86633305096566,"0.8",0.0732586004878473
"1378",9.12897091793664,"0.8",0.0709487335224085
"1379",9.39938862452909,"0.8",0.0687039444169997
"1380",9.67781662458134,"0.8",0.0665228378602719
"1381",9.96449219841844,"0.8",0.0644040235036326
"1382",10.2596596550658,"0.8",0.0623461175865005
"1383",10.5635705404527,"0.8",0.0603477444600317
"1384",10.8764838517838,"0.8",0.0584075380115253
"1385",11.1986662582597,"0.8",0.0565241429919131
"1386",11.5303923283365,"0.8",0.0546962162489019
"1387",11.8719447637171,"0.8",0.0529224278684855
"1388",12.2236146402734,"0.8",0.0512014622276614
"1389",12.5857016561054,"0.8",0.0495320189612881
"1390",12.9585143869482,"0.8",0.0479128138460966
"1391",13.3423705491449,"0.8",0.0463425796049294
"1392",13.7375972704084,"0.8",0.044820066634325
"1393",14.1445313686051,"0.8",0.0433440436585866
"1394",14.5635196387954,"0.8",0.0419132983134905
"1395",14.9949191487773,"0.8",0.0405266376627806
"1396",15.4390975433852,"0.8",0.0391828886505856
"1397",15.8964333578018,"0.8",0.0378808984928635
"1398",16.3673163401509,"0.8",0.0366195350109445
"1399",16.852147783647,"0.8",0.0353976869101956
"1400",17.3513408685824,"0.8",0.0342142640067758
"1401",17.8653210144461,"0.8",0.0330681974053905
"1402",18.3945262424715,"0.8",0.0319584396308856
"1403",18.9394075489253,"0.8",0.0308839647164479
"1404",19.5004292894522,"0.8",0.0298437682511045
"1405",20.0780695748058,"0.8",0.0288368673891286
"1406",20.6728206783015,"0.8",0.0278623008238789
"1407",21.2851894553385,"0.8",0.0269191287285123
"1408",21.9156977753496,"0.8",0.0260064326659202
"1409",22.5648829665456,"0.8",0.0251233154701522
"1410",23.2332982738341,"0.8",0.0242689011014998
"1411",23.9215133303027,"0.8",0.0234423344773221
"1412",24.6301146426688,"0.8",0.0226427812806066
"1413",25.3597060911083,"0.8",0.0218694277481701
"1414",26.1109094438917,"0.8",0.0211214804403123
"1415",26.8843648872634,"0.8",0.0203981659936526
"1416",27.6807315710179,"0.8",0.0196987308587922
"1417",28.5006881702364,"0.8",0.0190224410243572
"1418",29.3449334636636,"0.8",0.0183685817289029
"1419",30.214186929217,"0.8",0.0177364571620713
"1420",31.1091893571359,"0.8",0.0171253901563224
"1421",32.0307034812939,"0.8",0.016534721870479
"1422",32.9795146292116,"0.8",0.0159638114662565
"1423",33.9564313913234,"0.8",0.0154120357788723
"1424",34.9622863100705,"0.8",0.0148787889827664
"1425",35.997936589405,"0.8",0.0143634822533956
"1426",37.0642648253118,"0.8",0.0138655434260011
"1427",38.162179757969,"0.8",0.0133844166521888
"1428",39.2926170461898,"0.8",0.0129195620551031
"1429",40.456540064804,"0.8",0.0124704553839195
"1430",41.6549407256599,"0.8",0.0120365876683269
"1431",42.8888403229459,"0.8",0.011617464873621
"1432",44.1592904035518,"0.8",0.0112126075569826
"1433",45.4673736632121,"0.8",0.0108215505254648
"1434",46.814204869195,"0.8",0.0104438424961745
"1435",48.200931810323,"0.8",0.0100790457590883
"1436",49.6287362751348,"0.8",0.00972673584290585
"1437",51.0988350590223,"0.8",0.00938650118430547
"1438",52.6124810012015,"0.8",0.00905794280093233
"1439",54.1709640523995,"0.8",0.00874067396841688
"1440",55.7756123741693,"0.8",0.00843431990168924
"1441",57.4277934707678,"0.8",0.00813851744082682
"1442",59.1289153545628,"0.8",0.00785291474164459
"1443",60.880427745961,"0.8",0.00757717097121204
"1444",62.6838233088808,"0.8",0.00731095600845634
"1445",64.5406389228213,"0.8",0.00705395014998923
"1446",66.4524569926137,"0.8",0.00680584382127378
"1447",68.4209067969689,"0.8",0.00656633729322775
"1448",70.4476658769719,"0.8",0.0063351404043421
"1449",72.5344614657071,"0.8",0.00611197228837616
"1450",74.6830719602303,"0.8",0.00589656110767546
"1451",76.8953284371443,"0.8",0.00568864379214361
"1452",79.1731162130687,"0.8",0.00548796578388616
"1453",81.5183764513338,"0.8",0.00529428078753229
"1454",83.9331078162676,"0.8",0.00510735052622847
"1455",86.4193681764859,"0.8",0.00492694450328812
"1456",88.979276358638,"0.8",0.0047528397694715
"1457",91.6150139531003,"0.8",0.00458482069586182
"1458",94.3288271731596,"0.8",0.00442267875229484
"1459",97.1230287692674,"0.8",0.00426621229129311
"1460",100,"0.8",0.00411522633744856
"1461",0.3,"0.9",0.766765444134993
"1462",0.3088865779842,"0.9",0.761435586107598
"1463",0.318036393529297,"0.9",0.756020926603055
"1464",0.327457244239003,"0.9",0.750521814352965
"1465",0.337157158697073,"0.9",0.744938684215887
"1466",0.347144403309382,"0.9",0.739272059306781
"1467",0.357427489348673,"0.9",0.733522553000373
"1468",0.368015180207985,"0.9",0.72769087079617
"1469",0.378916498868944,"0.9",0.721777812032824
"1470",0.390140735591273,"0.9",0.715784271439614
"1471",0.40169745583009,"0.9",0.709711240512946
"1472",0.413596508387719,"0.9",0.703559808705998
"1473",0.425848033806986,"0.9",0.697331164419894
"1474",0.438462473013132,"0.9",0.691026595785211
"1475",0.45145057621172,"0.9",0.684647491223047
"1476",0.464823412050111,"0.9",0.678195339775445
"1477",0.478592377050328,"0.9",0.67167173119559
"1478",0.492769205321333,"0.9",0.66507835578893
"1479",0.507365978559,"0.9",0.658417003997172
"1480",0.522395136342314,"0.9",0.651689565717984
"1481",0.537869486734556,"0.9",0.644898029354235
"1482",0.553802217198517,"0.9",0.638044480587633
"1483",0.570206905835041,"0.9",0.631131100872752
"1484",0.587097532954482,"0.9",0.62416016564865
"1485",0.60448849299092,"0.9",0.617134042266514
"1486",0.622394606769304,"0.9",0.610055187633094
"1487",0.640831134135973,"0.9",0.602926145571053
"1488",0.659813786963315,"0.9",0.595749543898751
"1489",0.679358742539647,"0.9",0.588528091233406
"1490",0.699482657355735,"0.9",0.581264573523051
"1491",0.720202681299692,"0.9",0.573961850314116
"1492",0.741536472272356,"0.9",0.566622850762976
"1493",0.763502211235612,"0.9",0.559250569401201
"1494",0.786118617706459,"0.9",0.551848061665686
"1495",0.809404965710059,"0.9",0.54441843920621
"1496",0.833381100205329,"0.9",0.536964864984313
"1497",0.858067453997105,"0.9",0.529490548178619
"1498",0.883485065149268,"0.9",0.521998738912985
"1499",0.909655594913684,"0.9",0.514492722824909
"1500",0.93660134619023,"0.9",0.506975815492704
"1501",0.96434528253365,"0.9",0.49945135674082
"1502",0.992911047723418,"0.9",0.491922704843544
"1503",1.02232298591331,"0.9",0.484393230647955
"1504",1.05260616237784,"0.9",0.476866311637607
"1505",1.08378638487324,"0.9",0.469345325958806
"1506",1.1158902256312,"0.9",0.46183364643168
"1507",1.14894504400413,"0.9",0.454334634568348
"1508",1.18297900978114,"0.9",0.446851634620542
"1509",1.21802112719478,"0.9",0.439387967678872
"1510",1.25410125963884,"0.9",0.431946925845691
"1511",1.29125015511839,"0.9",0.424531766503046
"1512",1.32949947245362,"0.9",0.417145706696721
"1513",1.36888180825999,"0.9",0.409791917656644
"1514",1.40943072472751,"0.9",0.402473519473154
"1515",1.4511807782229,"0.9",0.395193575947704
"1516",1.49416754873907,"0.9",0.387955089635545
"1517",1.53842767021683,"0.9",0.380760997096791
"1518",1.58399886176494,"0.9",0.373614164371086
"1519",1.6309199598048,"0.9",0.366517382689755
"1520",1.67923095116745,"0.9",0.359473364437987
"1521",1.72897300717088,"0.9",0.352484739378176
"1522",1.78018851870689,"0.9",0.345554051144071
"1523",1.8329211323671,"0.9",0.338683754013902
"1524",1.88721578763933,"0.9",0.331876209969153
"1525",1.94311875520556,"0.9",0.3251336860441
"1526",2.00067767637455,"0.9",0.318458351969756
"1527",2.05994160368238,"0.9",0.311852278114351
"1528",2.12096104269579,"0.9",0.305317433720996
"1529",2.18378799505367,"0.9",0.29885568544179
"1530",2.24847600278368,"0.9",0.292468796166187
"1531",2.31508019393148,"0.9",0.286158424140172
"1532",2.38365732954164,"0.9",0.27992612237149
"1533",2.45426585203024,"0.9",0.273773338315005
"1534",2.52696593499033,"0.9",0.267701413831143
"1535",2.60181953447269,"0.9",0.261711585409342
"1536",2.67889044178571,"0.9",0.255804984647495
"1537",2.75824433785923,"0.9",0.249982638977504
"1538",2.83994884921877,"0.9",0.244245472626326
"1539",2.92407360561784,"0.9",0.238594307801192
"1540",3.01069029937738,"0.9",0.233029866087134
"1541",3.09987274648302,"0.9",0.227552770044463
"1542",3.19169694949208,"0.9",0.222163544993457
"1543",3.28624116230406,"0.9",0.216862620973207
"1544",3.38358595684973,"0.9",0.211650334861396
"1545",3.48381429175569,"0.9",0.20652693264162
"1546",3.58701158304288,"0.9",0.20149257180484
"1547",3.69326577691934,"0.9",0.196547323871601
"1548",3.80266742472924,"0.9",0.191691177021715
"1549",3.91530976012201,"0.9",0.186924038818342
"1550",4.03128877850742,"0.9",0.182245739013581
"1551",4.15070331886421,"0.9",0.177656032423007
"1552",4.27365514797209,"0.9",0.173154601856938
"1553",4.40024904713885,"0.9",0.168741061096583
"1554",4.53059290149652,"0.9",0.164414957903671
"1555",4.66479779194255,"0.9",0.160175777052634
"1556",4.80297808980462,"0.9",0.156022943374876
"1557",4.94525155430946,"0.9",0.151955824805234
"1558",5.09173943293898,"0.9",0.147973735421222
"1559",5.24256656475911,"0.9",0.144075938466249
"1560",5.3978614868094,"0.9",0.140261649348536
"1561",5.55775654364421,"0.9",0.136530038608036
"1562",5.72238800011851,"0.9",0.132880234844242
"1563",5.89189615751485,"0.9",0.129311327598334
"1564",6.06642547311005,"0.9",0.125822370183666
"1565",6.24612468328382,"0.9",0.122412382459177
"1566",6.43114693027394,"0.9",0.119080353540841
"1567",6.62164989268636,"0.9",0.115825244446801
"1568",6.81779591987111,"0.9",0.112645990672361
"1569",7.01975217027875,"0.9",0.109541504691502
"1570",7.22769075391521,"0.9",0.106510678382057
"1571",7.44178887901637,"0.9",0.103552385372179
"1572",7.66222900306747,"0.9",0.100665483306114
"1573",7.88919898829598,"0.9",0.0978488160277679
"1574",8.12289226177053,"0.9",0.0951012156809121
"1575",8.36350798024212,"0.9",0.0924215047252453
"1576",8.61125119986844,"0.9",0.0898084978678968
"1577",8.86633305096566,"0.9",0.0872610039102529
"1578",9.12897091793664,"0.9",0.084777827510308
"1579",9.39938862452909,"0.9",0.0823577708610037
"1580",9.67781662458134,"0.9",0.079999635285282
"1581",9.96449219841844,"0.9",0.0777022227488067
"1582",10.2596596550658,"0.9",0.0754643372915159
"1583",10.5635705404527,"0.9",0.0732847863793588
"1584",10.8764838517838,"0.9",0.0711623821777388
"1585",11.1986662582597,"0.9",0.0690959427483343
"1586",11.5303923283365,"0.9",0.0670842931710983
"1587",11.8719447637171,"0.9",0.0651262665933537
"1588",12.2236146402734,"0.9",0.0632207052079962
"1589",12.5857016561054,"0.9",0.0613664611629
"1590",12.9585143869482,"0.9",0.0595623974036864
"1591",13.3423705491449,"0.9",0.0578073884520678
"1592",13.7375972704084,"0.9",0.0561003211220243
"1593",14.1445313686051,"0.9",0.0544400951760895
"1594",14.5635196387954,"0.9",0.0528256239240504
"1595",14.9949191487773,"0.9",0.0512558347663624
"1596",15.4390975433852,"0.9",0.0497296696845867
"1597",15.8964333578018,"0.9",0.048246085681142
"1598",16.3673163401509,"0.9",0.0468040551706458
"1599",16.852147783647,"0.9",0.0454025663250946
"1600",17.3513408685824,"0.9",0.0440406233751033
"1601",17.8653210144461,"0.9",0.0427172468693837
"1602",18.3945262424715,"0.9",0.0414314738946033
"1603",18.9394075489253,"0.9",0.0401823582577187
"1604",19.5004292894522,"0.9",0.0389689706328294
"1605",20.0780695748058,"0.9",0.0377903986745428
"1606",20.6728206783015,"0.9",0.0366457470997899
"1607",21.2851894553385,"0.9",0.0355341377399696
"1608",21.9156977753496,"0.9",0.0344547095652453
"1609",22.5648829665456,"0.9",0.0334066186827531
"1610",23.2332982738341,"0.9",0.0323890383104216
"1611",23.9215133303027,"0.9",0.031401158728043
"1612",24.6301146426688,"0.9",0.0304421872071689
"1613",25.3597060911083,"0.9",0.029511347921347
"1614",26.1109094438917,"0.9",0.0286078818381505
"1615",26.8843648872634,"0.9",0.0277310465943898
"1616",27.6807315710179,"0.9",0.0268801163558372
"1617",28.5006881702364,"0.9",0.026054381662736
"1618",29.3449334636636,"0.9",0.0252531492623022
"1619",30.214186929217,"0.9",0.0244757419293757
"1620",31.1091893571359,"0.9",0.0237214982763146
"1621",32.0307034812939,"0.9",0.0229897725531765
"1622",32.9795146292116,"0.9",0.0222799344391733
"1623",33.9564313913234,"0.9",0.0215913688263359
"1624",34.9622863100705,"0.9",0.0209234755962713
"1625",35.997936589405,"0.9",0.0202756693908512
"1626",37.0642648253118,"0.9",0.0196473793776159
"1627",38.162179757969,"0.9",0.0190380490106383
"1628",39.2926170461898,"0.9",0.0184471357875443
"1629",40.456540064804,"0.9",0.0178741110033453
"1630",41.6549407256599,"0.9",0.0173184595016958
"1631",42.8888403229459,"0.9",0.0167796794241524
"1632",44.1592904035518,"0.9",0.0162572819579692
"1633",45.4673736632121,"0.9",0.0157507910829331
"1634",46.814204869195,"0.9",0.0152597433177027
"1635",48.200931810323,"0.9",0.0147836874660868
"1636",49.6287362751348,"0.9",0.0143221843636634
"1637",51.0988350590223,"0.9",0.0138748066251111
"1638",52.6124810012015,"0.9",0.0134411383925985
"1639",54.1709640523995,"0.9",0.0130207750855461
"1640",55.7756123741693,"0.9",0.0126133231520537
"1641",57.4277934707678,"0.9",0.0122183998222596
"1642",59.1289153545628,"0.9",0.0118356328638741
"1643",60.880427745961,"0.9",0.0114646603401119
"1644",62.6838233088808,"0.9",0.0111051303702225
"1645",64.5406389228213,"0.9",0.0107567008928016
"1646",66.4524569926137,"0.9",0.010419039432047
"1647",68.4209067969689,"0.9",0.0100918228671061
"1648",70.4476658769719,"0.9",0.00977473720464417
"1649",72.5344614657071,"0.9",0.00946747735474885
"1650",74.6830719602303,"0.9",0.00916974691027216
"1651",76.8953284371443,"0.9",0.00888125792969663
"1652",79.1731162130687,"0.9",0.00860173072360065
"1653",81.5183764513338,"0.9",0.00833089364478622
"1654",83.9331078162676,"0.9",0.00806848288212121
"1655",86.4193681764859,"0.9",0.00781424225813809
"1656",88.979276358638,"0.9",0.00756792303042173
"1657",91.6150139531003,"0.9",0.00732928369680992
"1658",94.3288271731596,"0.9",0.00709808980442227
"1659",97.1230287692674,"0.9",0.00687411376252524
"1660",100,"0.9",0.00665713465923459
"1661",0.3,"1",0.769230769230769
"1662",0.3088865779842,"1",0.764008140063662
"1663",0.318036393529297,"1",0.758704391555006
"1664",0.327457244239003,"1",0.753319931274528
"1665",0.337157158697073,"1",0.747855249097571
"1666",0.347144403309382,"1",0.742310918965636
"1667",0.357427489348673,"1",0.736687600513987
"1668",0.368015180207985,"1",0.73098604055546
"1669",0.378916498868944,"1",0.72520707440969
"1670",0.390140735591273,"1",0.719351627067217
"1671",0.40169745583009,"1",0.713420714178151
"1672",0.413596508387719,"1",0.707415442855439
"1673",0.425848033806986,"1",0.701337012283153
"1674",0.438462473013132,"1",0.695186714120745
"1675",0.45145057621172,"1",0.688965932694722
"1676",0.464823412050111,"1",0.682676144969883
"1677",0.478592377050328,"1",0.676318920292906
"1678",0.492769205321333,"1",0.669895919901925
"1679",0.507365978559,"1",0.663408896196511
"1680",0.522395136342314,"1",0.656859691763458
"1681",0.537869486734556,"1",0.650250238154706
"1682",0.553802217198517,"1",0.643582554414799
"1683",0.570206905835041,"1",0.636858745356362
"1684",0.587097532954482,"1",0.630080999583206
"1685",0.60448849299092,"1",0.623251587261872
"1686",0.622394606769304,"1",0.616372857643624
"1687",0.640831134135973,"1",0.609447236340124
"1688",0.659813786963315,"1",0.602477222357295
"1689",0.679358742539647,"1",0.595465384893122
"1690",0.699482657355735,"1",0.588414359906399
"1691",0.720202681299692,"1",0.581326846464659
"1692",0.741536472272356,"1",0.574205602880771
"1693",0.763502211235612,"1",0.567053442648842
"1694",0.786118617706459,"1",0.559873230191224
"1695",0.809404965710059,"1",0.552667876429516
"1696",0.833381100205329,"1",0.545440334193478
"1697",0.858067453997105,"1",0.538193593482725
"1698",0.883485065149268,"1",0.530930676596976
"1699",0.909655594913684,"1",0.523654633151377
"1700",0.93660134619023,"1",0.516368534994177
"1701",0.96434528253365,"1",0.509075471044572
"1702",0.992911047723418,"1",0.50177854206907
"1703",1.02232298591331,"1",0.494480855415084
"1704",1.05260616237784,"1",0.48718551972072
"1705",1.08378638487324,"1",0.479895639619909
"1706",1.1158902256312,"1",0.472614310462011
"1707",1.14894504400413,"1",0.465344613064976
"1708",1.18297900978114,"1",0.458089608520907
"1709",1.21802112719478,"1",0.450852333072562
"1710",1.25410125963884,"1",0.443635793078889
"1711",1.29125015511839,"1",0.436442960087145
"1712",1.32949947245362,"1",0.429276766028506
"1713",1.36888180825999,"1",0.422140098553303
"1714",1.40943072472751,"1",0.415035796521228
"1715",1.4511807782229,"1",0.407966645660871
"1716",1.49416754873907,"1",0.400935374412017
"1717",1.53842767021683,"1",0.393944649963014
"1718",1.58399886176494,"1",0.386997074494442
"1719",1.6309199598048,"1",0.380095181639123
"1720",1.67923095116745,"1",0.373241433167328
"1721",1.72897300717088,"1",0.36643821590478
"1722",1.78018851870689,"1",0.359687838889831
"1723",1.8329211323671,"1",0.352992530774914
"1724",1.88721578763933,"1",0.346354437476122
"1725",1.94311875520556,"1",0.339775620073528
"1726",2.00067767637455,"1",0.333258052963626
"1727",2.05994160368238,"1",0.326803622264093
"1728",2.12096104269579,"1",0.320414124469888
"1729",2.18378799505367,"1",0.314091265358623
"1730",2.24847600278368,"1",0.307836659142035
"1731",2.31508019393148,"1",0.301651827859423
"1732",2.38365732954164,"1",0.29553820100792
"1733",2.45426585203024,"1",0.289497115403625
"1734",2.52696593499033,"1",0.283529815266771
"1735",2.60181953447269,"1",0.277637452523396
"1736",2.67889044178571,"1",0.271821087315285
"1737",2.75824433785923,"1",0.266081688709367
"1738",2.83994884921877,"1",0.260420135597235
"1739",2.92407360561784,"1",0.254837217775009
"1740",3.01069029937738,"1",0.249333637193388
"1741",3.09987274648302,"1",0.243910009367444
"1742",3.19169694949208,"1",0.238566864935494
"1743",3.28624116230406,"1",0.233304651356214
"1744",3.38358595684973,"1",0.22812373473307
"1745",3.48381429175569,"1",0.223024401755149
"1746",3.58701158304288,"1",0.218006861743443
"1747",3.69326577691934,"1",0.213071248791795
"1748",3.80266742472924,"1",0.208217623991813
"1749",3.91530976012201,"1",0.203445977731254
"1750",4.03128877850742,"1",0.198756232055648
"1751",4.15070331886421,"1",0.194148243083143
"1752",4.27365514797209,"1",0.189621803462924
"1753",4.40024904713885,"1",0.185176644867854
"1754",4.53059290149652,"1",0.180812440512374
"1755",4.66479779194255,"1",0.176528807687076
"1756",4.80297808980462,"1",0.172325310301778
"1757",4.94525155430946,"1",0.168201461429356
"1758",5.09173943293898,"1",0.164156725843007
"1759",5.24256656475911,"1",0.160190522540081
"1760",5.3978614868094,"1",0.156302227246045
"1761",5.55775654364421,"1",0.152491174892609
"1762",5.72238800011851,"1",0.148756662064488
"1763",5.89189615751485,"1",0.145097949409701
"1764",6.06642547311005,"1",0.141514264008771
"1765",6.24612468328382,"1",0.138004801698612
"1766",6.43114693027394,"1",0.134568729347293
"1767",6.62164989268636,"1",0.131205187076303
"1768",6.81779591987111,"1",0.127913290427321
"1769",7.01975217027875,"1",0.124692132470877
"1770",7.22769075391521,"1",0.121540785854663
"1771",7.44178887901637,"1",0.118458304789603
"1772",7.66222900306747,"1",0.115443726972108
"1773",7.88919898829598,"1",0.112496075441292
"1774",8.12289226177053,"1",0.109614360370176
"1775",8.36350798024212,"1",0.106797580790244
"1776",8.61125119986844,"1",0.104044726248929
"1777",8.86633305096566,"1",0.101354778399876
"1778",9.12897091793664,"1",0.0987267125260647
"1779",9.39938862452909,"1",0.0961594989960559
"1780",9.67781662458134,"1",0.0936521046538583
"1781",9.96449219841844,"1",0.0912034941430524
"1782",10.2596596550658,"1",0.0888126311659959
"1783",10.5635705404527,"1",0.0864784796790672
"1784",10.8764838517838,"1",0.0842000050250397
"1785",11.1986662582597,"1",0.0819761750037961
"1786",11.5303923283365,"1",0.0798059608826912
"1787",11.8719447637171,"1",0.0776883383479671
"1788",12.2236146402734,"1",0.0756222883986979
"1789",12.5857016561054,"1",0.0736067981848108
"1790",12.9585143869482,"1",0.0716408617907819
"1791",13.3423705491449,"1",0.0697234809666539
"1792",13.7375972704084,"1",0.0678536658080552
"1793",14.1445313686051,"1",0.0660304353869289
"1794",14.5635196387954,"1",0.0642528183346965
"1795",14.9949191487773,"1",0.0625198533795929
"1796",15.4390975433852,"1",0.0608305898399137
"1797",15.8964333578018,"1",0.0591840880749107
"1798",16.3673163401509,"1",0.0575794198950666
"1799",16.852147783647,"1",0.0560156689334617
"1800",17.3513408685824,"1",0.0544919309799321
"1801",17.8653210144461,"1",0.0530073142796909
"1802",18.3945262424715,"1",0.0515609397980616
"1803",18.9394075489253,"1",0.0501519414529395
"1804",19.5004292894522,"1",0.0487794663165672
"1805",20.0780695748058,"1",0.0474426747881732
"1806",20.6728206783015,"1",0.046140740738984
"1807",21.2851894553385,"1",0.0448728516310839
"1808",21.9156977753496,"1",0.0436382086115527
"1809",22.5648829665456,"1",0.0424360265832711
"1810",23.2332982738341,"1",0.0412655342537401
"1811",23.9215133303027,"1",0.0401259741632172
"1812",24.6301146426688,"1",0.0390166026934273
"1813",25.3597060911083,"1",0.0379366900580626
"1814",26.1109094438917,"1",0.036885520276241
"1815",26.8843648872634,"1",0.0358623911300474
"1816",27.6807315710179,"1",0.0348666141072394
"1817",28.5006881702364,"1",0.0338975143301542
"1818",29.3449334636636,"1",0.0329544304718099
"1819",30.214186929217,"1",0.032036714660153
"1820",31.1091893571359,"1",0.0311437323713612
"1821",32.0307034812939,"1",0.0302748623130695
"1822",32.9795146292116,"1",0.0294294962983467
"1823",33.9564313913234,"1",0.0286070391112124
"1824",34.9622863100705,"1",0.0278069083644432
"1825",35.997936589405,"1",0.0270285343503823
"1826",37.0642648253118,"1",0.0262713598854279
"1827",38.162179757969,"1",0.0255348401488432
"1828",39.2926170461898,"1",0.0248184425164948
"1829",40.456540064804,"1",0.0241216463900948
"1830",41.6549407256599,"1",0.0234439430224886
"1831",42.8888403229459,"1",0.0227848353395016
"1832",44.1592904035518,"1",0.0221438377588269
"1833",45.4673736632121,"1",0.0215204760064091
"1834",46.814204869195,"1",0.0209142869307498
"1835",48.200931810323,"1",0.0203248183155382
"1836",49.6287362751348,"1",0.0197516286909798
"1837",51.0988350590223,"1",0.0191942871441772
"1838",52.6124810012015,"1",0.0186523731288912
"1839",54.1709640523995,"1",0.0181254762749883
"1840",55.7756123741693,"1",0.0176131961978619
"1841",57.4277934707678,"1",0.017115142308092
"1842",59.1289153545628,"1",0.016630933621591
"1843",60.880427745961,"1",0.0161601985704643
"1844",62.6838233088808,"1",0.0157025748147968
"1845",64.5406389228213,"1",0.0152577090555612
"1846",66.4524569926137,"1",0.0148252568488277
"1847",68.4209067969689,"1",0.0144048824214388
"1848",70.4476658769719,"1",0.0139962584883029
"1849",72.5344614657071,"1",0.0135990660714412
"1850",74.6830719602303,"1",0.013212994320916
"1851",76.8953284371443,"1",0.0128377403377524
"1852",79.1731162130687,"1",0.0124730089989566
"1853",81.5183764513338,"1",0.0121185127847221
"1854",83.9331078162676,"1",0.0117739716079065
"1855",86.4193681764859,"1",0.0114391126458516
"1856",88.979276358638,"1",0.0111136701746102
"1857",91.6150139531003,"1",0.0107973854056362
"1858",94.3288271731596,"1",0.0104900063249866
"1859",97.1230287692674,"1",0.0101912875350746
"1860",100,"1",0.0099009900990099
