"","tDd","reD","qDd"
"1",1e-04,"10",11.6454981511721
"2",0.000108423253931343,"10",11.2179838634613
"3",0.000117556019930604,"10",10.8073486297204
"4",0.000127458062000939,"10",10.4129215232235
"5",0.000138194178219246,"10",10.0340581614383
"6",0.000149834624768985,"10",9.67013965492368
"7",0.000162455575690352,"10",9.32057159649932
"8",0.000176139621356375,"10",8.9847830953544
"9",0.000190976308936928,"10",8.66222584244009
"10",0.00020706272838739,"10",8.35237321684067
"11",0.000224504147796627,"10",8.05471942899346
"12",0.000243414702251934,"10",7.76877869670427
"13",0.000263918140728836,"10",7.49408445167024
"14",0.000286148635893304,"10",7.23018857900642
"15",0.00031025166211567,"10",6.97666069158173
"16",0.000336384947441884,"10",6.73308742577232
"17",0.000364719505751728,"10",6.49907176931072
"18",0.000395440755858334,"10",6.274232416085
"19",0.000428749734872302,"10",6.05820314583222
"20",0.000464864413770554,"10",5.85063223011059
"21",0.000504021123778896,"10",5.6511818567611
"22",0.000546476102902399,"10",5.45952758531961
"23",0.000592507172723974,"10",5.27535781637271
"24",0.000642415556443933,"10",5.09837328926996
"25",0.000696527850057654,"10",4.92828659372838
"26",0.000755198159570533,"10",4.76482170385049
"27",0.000818810418235985,"10",4.60771353021335
"28",0.000887780898980291,"10",4.45670749135925
"29",0.000962560938455358,"10",4.31155909933668
"30",0.00104363989054537,"10",4.17203356363902
"31",0.00113154832865479,"10",4.03790541227396
"32",0.00122686151773325,"10",3.90895812338123
"33",0.00133020317875784,"10",3.78498377637719
"34",0.00144224957030741,"10",3.66578271515022
"35",0.0015637339139381,"10",3.55116322360204
"36",0.00169545119231963,"10",3.4409412152349
"37",0.00183826335153069,"10",3.3349399349164
"38",0.00199310494155693,"10",3.23298967119925
"39",0.00216098923190241,"10",3.13492748401745
"40",0.00234301484233452,"10",3.04059693652172
"41",0.00254037293215341,"10",2.94984784301349
"42",0.00275435499503179,"10",2.86253602489002
"43",0.00298636131043393,"10",2.77852307635066
"44",0.00323791010691916,"10",2.69767613833823
"45",0.00351064749729357,"10",2.61986768200476
"46",0.00380635825062493,"10",2.54497530260338
"47",0.00412697747161168,"10",2.47288151693676
"48",0.00447460326373484,"10",2.4034735730514
"49",0.00485151045905938,"10",2.33664326423424
"50",0.0052601655045316,"10",2.27228675235038
"51",0.00570324260218719,"10",2.21030439660081
"52",0.00618364120888993,"10",2.15060058940738
"53",0.00670450501011788,"10",2.09308359840908
"54",0.0072692424919597,"10",2.03766541443404
"55",0.00788154924594253,"10",1.98426160538317
"56",0.00854543215265209,"10",1.93279117577316
"57",0.00926523560240058,"10",1.88317643098691
"58",0.0100456699245279,"10",1.8353428481134
"59",0.0108918422113755,"10",1.78921894957211
"60",0.0118092897386408,"10",1.74473618500142
"61",0.0128040162008145,"10",1.70182881544643
"62",0.0138825309988193,"10",1.66043380453599
"63",0.0150518918369473,"10",1.62049071451164
"64",0.0163197509078444,"10",1.58194160726492
"65",0.0176944049677747,"10",1.54473094805246
"66",0.0191848496298505,"10",1.50880551243678
"67",0.0208008382305191,"10",1.4741142909856
"68",0.0225529456545235,"10",1.44060838945768
"69",0.0244526375360017,"10",1.40824092107983
"70",0.02651234528857,"10",1.37696688988245
"71",0.0287455474553806,"10",1.34674306738853
"72",0.0311668579115019,"10",1.31752787141558
"73",0.0337921214958085,"10",1.2892812627249
"74",0.0366385176981883,"10",1.2619646787299
"75",0.0397246730805866,"10",1.23554102504703
"76",0.0430707831675601,"10",1.20997473967753
"77",0.0466987446039817,"10",1.18523192733945
"78",0.0506322984447243,"10",1.16128053616398
"79",0.0548971855139987,"10",1.13809051894955
"80",0.0595213148510031,"10",1.11563388811336
"81",0.064534946344177,"10",1.09388455210292
"82",0.0699708887492028,"10",1.07281781341114
"83",0.0758647143865655,"10",1.05240943313889
"84",0.0822549919236337,"10",1.03263420333287
"85",0.0891835387645668,"10",1.01346404938461
"86",0.0966956946996637,"10",0.994865759745314
"87",0.104840618604892,"10",0.976798531349891
"88",0.113671610133173,"10",0.959211582358917
"89",0.123246458502536,"10",0.94204212592813
"90",0.133627820663591,"10",0.925213990847847
"91",0.144883631321005,"10",0.908637128678907
"92",0.157087547492123,"10",0.89220815893805
"93",0.170319430511904,"10",0.87581199104741
"94",0.184665868638338,"10",0.859324440699427
"95",0.200220743678265,"10",0.842615646537323
"96",0.217085845341508,"10",0.825554016335246
"97",0.235371537343625,"10",0.808010387142455
"98",0.255197479616184,"10",0.789862090386061
"99",0.276693411350641,"10",0.770996656979205
"100",0.3,"10",0.751314971584085
"101",1e-04,"20",7.49206266358425
"102",0.000108423253931343,"20",7.23968184871884
"103",0.000117556019930604,"20",6.99714492244716
"104",0.000127458062000939,"20",6.7640580848992
"105",0.000138194178219246,"20",6.54004314092441
"106",0.000149834624768985,"20",6.32473687821139
"107",0.000162455575690352,"20",6.11779048281386
"108",0.000176139621356375,"20",5.91886897267454
"109",0.000190976308936928,"20",5.72765065491007
"110",0.00020706272838739,"20",5.54382660230333
"111",0.000224504147796627,"20",5.36710015600391
"112",0.000243414702251934,"20",5.19718644243633
"113",0.000263918140728836,"20",5.03381191169505
"114",0.000286148635893304,"20",4.87671389504542
"115",0.00031025166211567,"20",4.72564017956404
"116",0.000336384947441884,"20",4.5803485981579
"117",0.000364719505751728,"20",4.44060663682272
"118",0.000395440755858334,"20",4.30619105920332
"119",0.000428749734872302,"20",4.17688754175655
"120",0.000464864413770554,"20",4.05249032748029
"121",0.000504021123778896,"20",3.93280189137328
"122",0.000546476102902399,"20",3.81763261775134
"123",0.000592507172723974,"20",3.70680049384287
"124",0.000642415556443933,"20",3.60013081133694
"125",0.000696527850057654,"20",3.49745588261242
"126",0.000755198159570533,"20",3.39861476498217
"127",0.000818810418235985,"20",3.30345299835989
"128",0.000887780898980291,"20",3.21182235300457
"129",0.000962560938455358,"20",3.12358058501636
"130",0.00104363989054537,"20",3.03859120157979
"131",0.00113154832865479,"20",2.9567232376967
"132",0.00122686151773325,"20",2.87785103834426
"133",0.00133020317875784,"20",2.80185404987385
"134",0.00144224957030741,"20",2.72861662230621
"135",0.0015637339139381,"20",2.65802781344154
"136",0.00169545119231963,"20",2.5899812059877
"137",0.00183826335153069,"20",2.52437472789416
"138",0.00199310494155693,"20",2.46111048120948
"139",0.00216098923190241,"20",2.40009457733409
"140",0.00234301484233452,"20",2.34123697729097
"141",0.00254037293215341,"20",2.28445133990256
"142",0.00275435499503179,"20",2.2296548737566
"143",0.00298636131043393,"20",2.17676819646312
"144",0.00323791010691916,"20",2.12571519707581
"145",0.00351064749729357,"20",2.07642290662376
"146",0.00380635825062493,"20",2.02882137084606
"147",0.00412697747161168,"20",1.98284352918665
"148",0.00447460326373484,"20",1.9384250971924
"149",0.00485151045905938,"20",1.89550445524074
"150",0.0052601655045316,"20",1.85402253939405
"151",0.00570324260218719,"20",1.81392273738601
"152",0.00618364120888993,"20",1.77515078906024
"153",0.00670450501011788,"20",1.73765468900843
"154",0.0072692424919597,"20",1.70138459516677
"155",0.00788154924594253,"20",1.66629273804236
"156",0.00854543215265209,"20",1.63233333657857
"157",0.00926523560240058,"20",1.5994625156568
"158",0.0100456699245279,"20",1.56763822775473
"159",0.0108918422113755,"20",1.53682017825256
"160",0.0118092897386408,"20",1.5069697557353
"161",0.0128040162008145,"20",1.47804996298297
"162",0.0138825309988193,"20",1.45002535480106
"163",0.0150518918369473,"20",1.42286197496489
"164",0.0163197509078444,"20",1.39652729298302
"165",0.0176944049677747,"20",1.37099013891415
"166",0.0191848496298505,"20",1.34622063175786
"167",0.0208008382305191,"20",1.32219010014554
"168",0.0225529456545235,"20",1.2988709967416
"169",0.0244526375360017,"20",1.2762368092685
"170",0.02651234528857,"20",1.2542619820243
"171",0.0287455474553806,"20",1.23292185729914
"172",0.0311668579115019,"20",1.21219265832987
"173",0.0337921214958085,"20",1.19205152513941
"174",0.0366385176981883,"20",1.17247660898905
"175",0.0397246730805866,"20",1.15344721347142
"176",0.0430707831675601,"20",1.13494394439034
"177",0.0466987446039817,"20",1.11694880844787
"178",0.0506322984447243,"20",1.09944517447483
"179",0.0548971855139987,"20",1.08241750287804
"180",0.0595213148510031,"20",1.06585075033073
"181",0.064534946344177,"20",1.04972938857163
"182",0.0699708887492028,"20",1.03403601568248
"183",0.0758647143865655,"20",1.01874960867964
"184",0.0822549919236337,"20",1.00384353000099
"185",0.0891835387645668,"20",0.989283464962635
"186",0.0966956946996637,"20",0.97502551263194
"187",0.104840618604892,"20",0.961014666318051
"188",0.113671610133173,"20",0.947183902229134
"189",0.123246458502536,"20",0.933454040343099
"190",0.133627820663591,"20",0.9197344634968
"191",0.144883631321005,"20",0.905924683152421
"192",0.157087547492123,"20",0.891916650792542
"193",0.170319430511904,"20",0.877597628054592
"194",0.184665868638338,"20",0.862853385065928
"195",0.200220743678265,"20",0.847571471671741
"196",0.217085845341508,"20",0.831644329555725
"197",0.235371537343625,"20",0.814972055443102
"198",0.255197479616184,"20",0.79746469601445
"199",0.276693411350641,"20",0.779044027192261
"200",0.3,"20",0.759644841627439
"201",1e-04,"50",4.44642876618554
"202",0.000108423253931343,"50",4.32374235019962
"203",0.000117556019930604,"50",4.20558486283928
"204",0.000127458062000939,"50",4.09177391564941
"205",0.000138194178219246,"50",3.98213451154743
"206",0.000149834624768985,"50",3.87649875361066
"207",0.000162455575690352,"50",3.77470556861571
"208",0.000176139621356375,"50",3.67660043792052
"209",0.000190976308936928,"50",3.58203513936454
"210",0.00020706272838739,"50",3.49086750024571
"211",0.000224504147796627,"50",3.40296115756035
"212",0.000243414702251934,"50",3.31818533009208
"213",0.000263918140728836,"50",3.23641459491628
"214",0.000286148635893304,"50",3.15752867767415
"215",0.00031025166211567,"50",3.08141224537874
"216",0.000336384947441884,"50",3.00795471163272
"217",0.000364719505751728,"50",2.93705004533698
"218",0.000395440755858334,"50",2.86859658909966
"219",0.000428749734872302,"50",2.80249688434268
"220",0.000464864413770554,"50",2.73865750162205
"221",0.000504021123778896,"50",2.67698887746007
"222",0.000546476102902399,"50",2.61740515970647
"223",0.000592507172723974,"50",2.55982405560042
"224",0.000642415556443933,"50",2.50416668785948
"225",0.000696527850057654,"50",2.4503574546442
"226",0.000755198159570533,"50",2.39832389599613
"227",0.000818810418235985,"50",2.34799656487963
"228",0.000887780898980291,"50",2.29930890385589
"229",0.000962560938455358,"50",2.25219712448944
"230",0.00104363989054537,"50",2.20660009450006
"231",0.00113154832865479,"50",2.16245922613603
"232",0.00122686151773325,"50",2.1197183711021
"233",0.00133020317875784,"50",2.07832371914305
"234",0.00144224957030741,"50",2.03822369951446
"235",0.0015637339139381,"50",1.99936888726187
"236",0.00169545119231963,"50",1.96171191372784
"237",0.00183826335153069,"50",1.92520737901413
"238",0.00199310494155693,"50",1.88981176970368
"239",0.00216098923190241,"50",1.85548337843155
"240",0.00234301484233452,"50",1.82218222809462
"241",0.00254037293215341,"50",1.78986999696494
"242",0.00275435499503179,"50",1.75850994995359
"243",0.00298636131043393,"50",1.72806686988677
"244",0.00323791010691916,"50",1.698506992651
"245",0.00351064749729357,"50",1.66979794570036
"246",0.00380635825062493,"50",1.64190868816427
"247",0.00412697747161168,"50",1.61480945376459
"248",0.00447460326373484,"50",1.58847169574102
"249",0.00485151045905938,"50",1.56286803473473
"250",0.0052601655045316,"50",1.5379722090136
"251",0.00570324260218719,"50",1.51375902528819
"252",0.00618364120888993,"50",1.49020431368901
"253",0.00670450501011788,"50",1.4672848831094
"254",0.0072692424919597,"50",1.44497847948949
"255",0.00788154924594253,"50",1.42326374644944
"256",0.00854543215265209,"50",1.40212018714927
"257",0.00926523560240058,"50",1.38152812975128
"258",0.0100456699245279,"50",1.36146869387904
"259",0.0108918422113755,"50",1.34192376006496
"260",0.0118092897386408,"50",1.322875938689
"261",0.0128040162008145,"50",1.30430853959929
"262",0.0138825309988193,"50",1.2862055384078
"263",0.0150518918369473,"50",1.26855153789212
"264",0.0163197509078444,"50",1.251331723853
"265",0.0176944049677747,"50",1.23453181456947
"266",0.0191848496298505,"50",1.21813800778575
"267",0.0208008382305191,"50",1.20213693168203
"268",0.0225529456545235,"50",1.18651561146551
"269",0.0244526375360017,"50",1.17126146250543
"270",0.02651234528857,"50",1.1563623235296
"271",0.0287455474553806,"50",1.14180653290964
"272",0.0311668579115019,"50",1.12758304145933
"273",0.0337921214958085,"50",1.11368153709813
"274",0.0366385176981883,"50",1.10009253773628
"275",0.0397246730805866,"50",1.08680738952011
"276",0.0430707831675601,"50",1.07381809812542
"277",0.0466987446039817,"50",1.06111692129683
"278",0.0506322984447243,"50",1.04869566607675
"279",0.0548971855139987,"50",1.0365446680559
"280",0.0595213148510031,"50",1.02465147331967
"281",0.064534946344177,"50",1.01299929697226
"282",0.0699708887492028,"50",1.00156537975152
"283",0.0758647143865655,"50",0.990319405390994
"284",0.0822549919236337,"50",0.979222157427809
"285",0.0891835387645668,"50",0.968224588515223
"286",0.0966956946996637,"50",0.957267442879792
"287",0.104840618604892,"50",0.946281517134159
"288",0.113671610133173,"50",0.935188576887366
"289",0.123246458502536,"50",0.923902872299257
"290",0.133627820663591,"50",0.912333133104122
"291",0.144883631321005,"50",0.900384875196333
"292",0.157087547492123,"50",0.88796283036556
"293",0.170319430511904,"50",0.874973312972653
"294",0.184665868638338,"50",0.861326369028504
"295",0.200220743678265,"50",0.846937596100998
"296",0.217085845341508,"50",0.831729581960797
"297",0.235371537343625,"50",0.815632963250939
"298",0.255197479616184,"50",0.79858715641598
"299",0.276693411350641,"50",0.780540845760163
"300",0.3,"50",0.76145233408297
"301",1e-04,"100",3.26262247258862
"302",0.000108423253931343,"100",3.18952277229158
"303",0.000117556019930604,"100",3.11888820712983
"304",0.000127458062000939,"100",3.05062156407125
"305",0.000138194178219246,"100",2.98462966579364
"306",0.000149834624768985,"100",2.9208232054121
"307",0.000162455575690352,"100",2.85911658901152
"308",0.000176139621356375,"100",2.79942778201904
"309",0.000190976308936928,"100",2.74167816349569
"310",0.00020706272838739,"100",2.68579238486823
"311",0.000224504147796627,"100",2.63169823396565
"312",0.000243414702251934,"100",2.57932650533368
"313",0.000263918140728836,"100",2.52861087516362
"314",0.000286148635893304,"100",2.47948778026416
"315",0.00031025166211567,"100",2.43189630321743
"316",0.000336384947441884,"100",2.38577806100542
"317",0.000364719505751728,"100",2.34107709877191
"318",0.000395440755858334,"100",2.29773978693981
"319",0.000428749734872302,"100",2.25571472322157
"320",0.000464864413770554,"100",2.21495263845682
"321",0.000504021123778896,"100",2.17540630572231
"322",0.000546476102902399,"100",2.13703045400198
"323",0.000592507172723974,"100",2.09978168473859
"324",0.000642415556443933,"100",2.06361839140347
"325",0.000696527850057654,"100",2.02850068388925
"326",0.000755198159570533,"100",1.99439031410102
"327",0.000818810418235985,"100",1.96125060677853
"328",0.000887780898980291,"100",1.92904639096382
"329",0.000962560938455358,"100",1.89774393565439
"330",0.00104363989054537,"100",1.86731088852333
"331",0.00113154832865479,"100",1.83771621609798
"332",0.00122686151773325,"100",1.8089301470707
"333",0.00133020317875784,"100",1.78092411822681
"334",0.00144224957030741,"100",1.75367072213719
"335",0.0015637339139381,"100",1.72714365754423
"336",0.00169545119231963,"100",1.70131768201978
"337",0.00183826335153069,"100",1.67616856550019
"338",0.00199310494155693,"100",1.65167304782873
"339",0.00216098923190241,"100",1.62780879630971
"340",0.00234301484233452,"100",1.60455436599804
"341",0.00254037293215341,"100",1.58188916161392
"342",0.00275435499503179,"100",1.55979340085403
"343",0.00298636131043393,"100",1.5382480801293
"344",0.00323791010691916,"100",1.51723494027407
"345",0.00351064749729357,"100",1.49673643541883
"346",0.00380635825062493,"100",1.47673570212659
"347",0.00412697747161168,"100",1.45721653044503
"348",0.00447460326373484,"100",1.43816333582796
"349",0.00485151045905938,"100",1.41956113240763
"350",0.0052601655045316,"100",1.40139550787989
"351",0.00570324260218719,"100",1.38365259920686
"352",0.00618364120888993,"100",1.36631906917258
"353",0.00670450501011788,"100",1.34938208500554
"354",0.0072692424919597,"100",1.33282929817907
"355",0.00788154924594253,"100",1.31664882510648
"356",0.00854543215265209,"100",1.30082923020568
"357",0.00926523560240058,"100",1.28535950935091
"358",0.0100456699245279,"100",1.2702290737842
"359",0.0108918422113755,"100",1.2554277337308
"360",0.0118092897386408,"100",1.24094567961361
"361",0.0128040162008145,"100",1.22677345843703
"362",0.0138825309988193,"100",1.21290194584005
"363",0.0150518918369473,"100",1.19932231206161
"364",0.0163197509078444,"100",1.1860259849425
"365",0.0176944049677747,"100",1.17300461510793
"366",0.0191848496298505,"100",1.16025005219932
"367",0.0208008382305191,"100",1.14775434129371
"368",0.0225529456545235,"100",1.13550975111113
"369",0.0244526375360017,"100",1.12350883735258
"370",0.02651234528857,"100",1.11174453742496
"371",0.0287455474553806,"100",1.10021027939986
"372",0.0311668579115019,"100",1.08890006944899
"373",0.0337921214958085,"100",1.0778085101419
"374",0.0366385176981883,"100",1.06693068724609
"375",0.0397246730805866,"100",1.05626186601285
"376",0.0430707831675601,"100",1.04579694492012
"377",0.0466987446039817,"100",1.03552964052657
"378",0.0506322984447243,"100",1.02545141307806
"379",0.0548971855139987,"100",1.01555018338615
"380",0.0595213148510031,"100",1.00580893461684
"381",0.064534946344177,"100",0.996204327589257
"382",0.0699708887492028,"100",0.986705476441507
"383",0.0758647143865655,"100",0.97727303311997
"384",0.0822549919236337,"100",0.967858706066455
"385",0.0891835387645668,"100",0.958405297129861
"386",0.0966956946996637,"100",0.948847287241948
"387",0.104840618604892,"100",0.93911193839999
"388",0.113671610133173,"100",0.929120826586165
"389",0.123246458502536,"100",0.91879167344078
"390",0.133627820663591,"100",0.908040322808707
"391",0.144883631321005,"100",0.896782704245238
"392",0.157087547492123,"100",0.884936645460186
"393",0.170319430511904,"100",0.872423429455537
"394",0.184665868638338,"100",0.859169039594116
"395",0.200220743678265,"100",0.845105081691386
"396",0.217085845341508,"100",0.830169417505067
"397",0.235371537343625,"100",0.814306574959565
"398",0.255197479616184,"100",0.797468023105572
"399",0.276693411350641,"100",0.779612405483576
"400",0.3,"100",0.760705819676771
"401",1e-04,"10^3",1.86261080574128
"402",0.000108423253931343,"10^3",1.84205024408884
"403",0.000117556019930604,"10^3",1.82191333427062
"404",0.000127458062000939,"10^3",1.80218793268332
"405",0.000138194178219246,"10^3",1.78286232361996
"406",0.000149834624768985,"10^3",1.76392520138686
"407",0.000162455575690352,"10^3",1.74536565479463
"408",0.000176139621356375,"10^3",1.72717315047598
"409",0.000190976308936928,"10^3",1.70933751811295
"410",0.00020706272838739,"10^3",1.69184893639247
"411",0.000224504147796627,"10^3",1.67469791900706
"412",0.000243414702251934,"10^3",1.65787530117862
"413",0.000263918140728836,"10^3",1.64137222739479
"414",0.000286148635893304,"10^3",1.62518013924754
"415",0.00031025166211567,"10^3",1.60929076409659
"416",0.000336384947441884,"10^3",1.59369610338784
"417",0.000364719505751728,"10^3",1.57838842272185
"418",0.000395440755858334,"10^3",1.56336024152907
"419",0.000428749734872302,"10^3",1.54860432320311
"420",0.000464864413770554,"10^3",1.53411366599916
"421",0.000504021123778896,"10^3",1.51988149401211
"422",0.000546476102902399,"10^3",1.50590124894412
"423",0.000592507172723974,"10^3",1.49216658137104
"424",0.000642415556443933,"10^3",1.47867134344159
"425",0.000696527850057654,"10^3",1.46540958145033
"426",0.000755198159570533,"10^3",1.45237552790067
"427",0.000818810418235985,"10^3",1.43956359563487
"428",0.000887780898980291,"10^3",1.42696837049506
"429",0.000962560938455358,"10^3",1.4145846051925
"430",0.00104363989054537,"10^3",1.40240721347061
"431",0.00113154832865479,"10^3",1.39043126403307
"432",0.00122686151773325,"10^3",1.37865197492478
"433",0.00133020317875784,"10^3",1.36706470841902
"434",0.00144224957030741,"10^3",1.35566496565744
"435",0.0015637339139381,"10^3",1.34444838174825
"436",0.00169545119231963,"10^3",1.33341072133426
"437",0.00183826335153069,"10^3",1.32254787347878
"438",0.00199310494155693,"10^3",1.31185584773891
"439",0.00216098923190241,"10^3",1.30133076992437
"440",0.00234301484233452,"10^3",1.29096887789045
"441",0.00254037293215341,"10^3",1.28076651779543
"442",0.00275435499503179,"10^3",1.27072014024261
"443",0.00298636131043393,"10^3",1.26082629689063
"444",0.00323791010691916,"10^3",1.25108163655704
"445",0.00351064749729357,"10^3",1.2414829025173
"446",0.00380635825062493,"10^3",1.23202692892353
"447",0.00412697747161168,"10^3",1.22271063786161
"448",0.00447460326373484,"10^3",1.21353103695436
"449",0.00485151045905938,"10^3",1.2044852167533
"450",0.0052601655045316,"10^3",1.19557034925823
"451",0.00570324260218719,"10^3",1.18678368616188
"452",0.00618364120888993,"10^3",1.17812255772748
"453",0.00670450501011788,"10^3",1.16958437165048
"454",0.0072692424919597,"10^3",1.16116661128731
"455",0.00788154924594253,"10^3",1.15286683143884
"456",0.00854543215265209,"10^3",1.14468265258711
"457",0.00926523560240058,"10^3",1.13661175032653
"458",0.0100456699245279,"10^3",1.12865184180183
"459",0.0108918422113755,"10^3",1.12080066939395
"460",0.0118092897386408,"10^3",1.11305598459203
"461",0.0128040162008145,"10^3",1.1054155374701
"462",0.0138825309988193,"10^3",1.09787707740195
"463",0.0150518918369473,"10^3",1.09043837172225
"464",0.0163197509078444,"10^3",1.08309724540398
"465",0.0176944049677747,"10^3",1.07585164156305
"466",0.0191848496298505,"10^3",1.06869969166157
"467",0.0208008382305191,"10^3",1.06163977746164
"468",0.0225529456545235,"10^3",1.05467055507725
"469",0.0244526375360017,"10^3",1.04779090466186
"470",0.02651234528857,"10^3",1.04099976592623
"471",0.0287455474553806,"10^3",1.03429582528594
"472",0.0311668579115019,"10^3",1.02767703158615
"473",0.0337921214958085,"10^3",1.02113993846562
"474",0.0366385176981883,"10^3",1.01467889531247
"475",0.0397246730805866,"10^3",1.00828513716801
"476",0.0430707831675601,"10^3",1.00194584540814
"477",0.0466987446039817,"10^3",0.995643269474904
"478",0.0506322984447243,"10^3",0.989354002472115
"479",0.0548971855139987,"10^3",0.98304849724301
"480",0.0595213148510031,"10^3",0.976690886971711
"481",0.064534946344177,"10^3",0.970239144232895
"482",0.0699708887492028,"10^3",0.963645574940158
"483",0.0758647143865655,"10^3",0.95685760762243
"484",0.0822549919236337,"10^3",0.949818806226228
"485",0.0891835387645668,"10^3",0.942470014249
"486",0.0966956946996637,"10^3",0.934750530581917
"487",0.104840618604892,"10^3",0.926599221305904
"488",0.113671610133173,"10^3",0.9179554915513
"489",0.123246458502536,"10^3",0.908760066216033
"490",0.133627820663591,"10^3",0.89895555839517
"491",0.144883631321005,"10^3",0.88848683494074
"492",0.157087547492123,"10^3",0.877301212239934
"493",0.170319430511904,"10^3",0.865348533107003
"494",0.184665868638338,"10^3",0.852581187240408
"495",0.200220743678265,"10^3",0.838954135273774
"496",0.217085845341508,"10^3",0.824424996021487
"497",0.235371537343625,"10^3",0.808954243501608
"498",0.255197479616184,"10^3",0.792505550158659
"499",0.276693411350641,"10^3",0.775046300431445
"500",0.3,"10^3",0.756548286347462
"501",1e-04,"10^4",1.4950414801037
"502",0.000108423253931343,"10^4",1.48489524860719
"503",0.000117556019930604,"10^4",1.47488344266408
"504",0.000127458062000939,"10^4",1.46500346046263
"505",0.000138194178219246,"10^4",1.45525276523343
"506",0.000149834624768985,"10^4",1.44562888357053
"507",0.000162455575690352,"10^4",1.43612940355684
"508",0.000176139621356375,"10^4",1.42675197241237
"509",0.000190976308936928,"10^4",1.41749429537112
"510",0.00020706272838739,"10^4",1.40835413345927
"511",0.000224504147796627,"10^4",1.39932930222968
"512",0.000243414702251934,"10^4",1.39041766986994
"513",0.000263918140728836,"10^4",1.38161715578295
"514",0.000286148635893304,"10^4",1.37292572901072
"515",0.00031025166211567,"10^4",1.36434140698551
"516",0.000336384947441884,"10^4",1.35586225386276
"517",0.000364719505751728,"10^4",1.34748637937716
"518",0.000395440755858334,"10^4",1.33921193750311
"519",0.000428749734872302,"10^4",1.33103712517398
"520",0.000464864413770554,"10^4",1.32296018099365
"521",0.000504021123778896,"10^4",1.31497938410416
"522",0.000546476102902399,"10^4",1.307093053296
"523",0.000592507172723974,"10^4",1.29929954534015
"524",0.000642415556443933,"10^4",1.29159725459091
"525",0.000696527850057654,"10^4",1.28398461138471
"526",0.000755198159570533,"10^4",1.2764600814442
"527",0.000818810418235985,"10^4",1.2690221646627
"528",0.000887780898980291,"10^4",1.26166939437367
"529",0.000962560938455358,"10^4",1.25440033617777
"530",0.00104363989054537,"10^4",1.24721358741895
"531",0.00113154832865479,"10^4",1.24010777601869
"532",0.00122686151773325,"10^4",1.23308155971723
"533",0.00133020317875784,"10^4",1.22613362552859
"534",0.00144224957030741,"10^4",1.21926268864619
"535",0.0015637339139381,"10^4",1.21246749185922
"536",0.00169545119231963,"10^4",1.20574680481814
"537",0.00183826335153069,"10^4",1.1990994231606
"538",0.00199310494155693,"10^4",1.1925241681455
"539",0.00216098923190241,"10^4",1.18601988569495
"540",0.00234301484233452,"10^4",1.17958544576974
"541",0.00254037293215341,"10^4",1.17321974180398
"542",0.00275435499503179,"10^4",1.16692169016067
"543",0.00298636131043393,"10^4",1.16069022932882
"544",0.00323791010691916,"10^4",1.15452431978443
"545",0.00351064749729357,"10^4",1.14842294372343
"546",0.00380635825062493,"10^4",1.14238510473823
"547",0.00412697747161168,"10^4",1.13640982841608
"548",0.00447460326373484,"10^4",1.13049616243299
"549",0.00485151045905938,"10^4",1.12464317744296
"550",0.0052601655045316,"10^4",1.11884996670949
"551",0.00570324260218719,"10^4",1.11311564578685
"552",0.00618364120888993,"10^4",1.10743934975296
"553",0.00670450501011788,"10^4",1.10182022842347
"554",0.0072692424919597,"10^4",1.09625743879393
"555",0.00788154924594253,"10^4",1.09075013495291
"556",0.00854543215265209,"10^4",1.08529745715448
"557",0.00926523560240058,"10^4",1.07989852261279
"558",0.0100456699245279,"10^4",1.07455242261129
"559",0.0108918422113755,"10^4",1.06925822959319
"560",0.0118092897386408,"10^4",1.06401501911463
"561",0.0128040162008145,"10^4",1.05882190670414
"562",0.0138825309988193,"10^4",1.05367809611931
"563",0.0150518918369473,"10^4",1.04858292906508
"564",0.0163197509078444,"10^4",1.04353591854423
"565",0.0176944049677747,"10^4",1.03853674224331
"566",0.0191848496298505,"10^4",1.03358516709551
"567",0.0208008382305191,"10^4",1.02868087870093
"568",0.0225529456545235,"10^4",1.02382319219619
"569",0.0244526375360017,"10^4",1.01901063519544
"570",0.02651234528857,"10^4",1.01424040738887
"571",0.0287455474553806,"10^4",1.00950774220452
"572",0.0311668579115019,"10^4",1.00480521193674
"573",0.0337921214958085,"10^4",1.00012203616263
"574",0.0366385176981883,"10^4",0.995443458307624
"575",0.0397246730805866,"10^4",0.990750257526986
"576",0.0430707831675601,"10^4",0.98601845211744
"577",0.0466987446039817,"10^4",0.981219232923699
"578",0.0506322984447243,"10^4",0.976319141476172
"579",0.0548971855139987,"10^4",0.971280479025724
"580",0.0595213148510031,"10^4",0.966061910107162
"581",0.064534946344177,"10^4",0.960619200668666
"582",0.0699708887492028,"10^4",0.954906021611619
"583",0.0758647143865655,"10^4",0.948874745129527
"584",0.0822549919236337,"10^4",0.942477169065983
"585",0.0891835387645668,"10^4",0.935665118302829
"586",0.0966956946996637,"10^4",0.928390894437929
"587",0.104840618604892,"10^4",0.92060756527262
"588",0.113671610133173,"10^4",0.91226910636271
"589",0.123246458502536,"10^4",0.90333042398013
"590",0.133627820663591,"10^4",0.893747299511446
"591",0.144883631321005,"10^4",0.883476299974673
"592",0.157087547492123,"10^4",0.87247470024686
"593",0.170319430511904,"10^4",0.860700457436602
"594",0.184665868638338,"10^4",0.84811227100399
"595",0.200220743678265,"10^4",0.83466975445789
"596",0.217085845341508,"10^4",0.820333736829146
"597",0.235371537343625,"10^4",0.805066704438803
"598",0.255197479616184,"10^4",0.788833388628626
"599",0.276693411350641,"10^4",0.771601501203709
"600",0.3,"10^4",0.753342615843329
"601",1e-04,"10^5",1.33974215977629
"602",0.000108423253931343,"10^5",1.333231355195
"603",0.000117556019930604,"10^5",1.32678303251943
"604",0.000127458062000939,"10^5",1.32039630418764
"605",0.000138194178219246,"10^5",1.3140702994991
"606",0.000149834624768985,"10^5",1.30780416369155
"607",0.000162455575690352,"10^5",1.30159705779334
"608",0.000176139621356375,"10^5",1.29544815851833
"609",0.000190976308936928,"10^5",1.28935665762113
"610",0.00020706272838739,"10^5",1.2833217613348
"611",0.000224504147796627,"10^5",1.27734269075672
"612",0.000243414702251934,"10^5",1.27141868074678
"613",0.000263918140728836,"10^5",1.265548980197
"614",0.000286148635893304,"10^5",1.2597328513331
"615",0.00031025166211567,"10^5",1.2539695697009
"616",0.000336384947441884,"10^5",1.24825842351477
"617",0.000364719505751728,"10^5",1.24259871385328
"618",0.000395440755858334,"10^5",1.23698975404159
"619",0.000428749734872302,"10^5",1.23143086946851
"620",0.000464864413770554,"10^5",1.22592139735663
"621",0.000504021123778896,"10^5",1.22046068634193
"622",0.000546476102902399,"10^5",1.21504809658733
"623",0.000592507172723974,"10^5",1.20968299923815
"624",0.000642415556443933,"10^5",1.20436477616819
"625",0.000696527850057654,"10^5",1.19909281996325
"626",0.000755198159570533,"10^5",1.19386653355293
"627",0.000818810418235985,"10^5",1.18868532997922
"628",0.000887780898980291,"10^5",1.18354863226887
"629",0.000962560938455358,"10^5",1.17845587314704
"630",0.00104363989054537,"10^5",1.17340649497547
"631",0.00113154832865479,"10^5",1.16839994930389
"632",0.00122686151773325,"10^5",1.16343569684162
"633",0.00133020317875784,"10^5",1.1585132073057
"634",0.00144224957030741,"10^5",1.15363195915602
"635",0.0015637339139381,"10^5",1.1487914393353
"636",0.00169545119231963,"10^5",1.14399114335461
"637",0.00183826335153069,"10^5",1.13923057461672
"638",0.00199310494155693,"10^5",1.13450924471774
"639",0.00216098923190241,"10^5",1.12982667314911
"640",0.00234301484233452,"10^5",1.12518238685225
"641",0.00254037293215341,"10^5",1.1205759207171
"642",0.00275435499503179,"10^5",1.11600681699307
"643",0.00298636131043393,"10^5",1.1114746261137
"644",0.00323791010691916,"10^5",1.10697890657586
"645",0.00351064749729357,"10^5",1.10251922580091
"646",0.00380635825062493,"10^5",1.098095160691
"647",0.00412697747161168,"10^5",1.09370629805351
"648",0.00447460326373484,"10^5",1.08935223446427
"649",0.00485151045905938,"10^5",1.08503257481726
"650",0.0052601655045316,"10^5",1.08074692952411
"651",0.00570324260218719,"10^5",1.07649490902687
"652",0.00618364120888993,"10^5",1.07227611668503
"653",0.00670450501011788,"10^5",1.06809014074628
"654",0.0072692424919597,"10^5",1.06393654623645
"655",0.00788154924594253,"10^5",1.05981487191671
"656",0.00854543215265209,"10^5",1.05572463315763
"657",0.00926523560240058,"10^5",1.05166533654203
"658",0.0100456699245279,"10^5",1.04763650498645
"659",0.0108918422113755,"10^5",1.04363771408468
"660",0.0118092897386408,"10^5",1.03966863103384
"661",0.0128040162008145,"10^5",1.03572904517009
"662",0.0138825309988193,"10^5",1.03181887234646
"663",0.0150518918369473,"10^5",1.02793811177406
"664",0.0163197509078444,"10^5",1.0240867331984
"665",0.0176944049677747,"10^5",1.02026447575844
"666",0.0191848496298505,"10^5",1.01647054662056
"667",0.0208008382305191,"10^5",1.01270322041259
"668",0.0225529456545235,"10^5",1.00895935249018
"669",0.0244526375360017,"10^5",1.00523383631843
"670",0.02651234528857,"10^5",1.00151904590592
"671",0.0287455474553806,"10^5",0.99780431406222
"672",0.0311668579115019,"10^5",0.994075498076706
"673",0.0337921214958085,"10^5",0.990314680853531
"674",0.0366385176981883,"10^5",0.986500042505631
"675",0.0397246730805866,"10^5",0.982605918974381
"676",0.0430707831675601,"10^5",0.97860304672419
"677",0.0466987446039817,"10^5",0.974458967961979
"678",0.0506322984447243,"10^5",0.970138557244254
"679",0.0548971855139987,"10^5",0.965604615822395
"680",0.0595213148510031,"10^5",0.960818477370555
"681",0.064534946344177,"10^5",0.95574057071468
"682",0.0699708887492028,"10^5",0.950330895903323
"683",0.0758647143865655,"10^5",0.944549383551081
"684",0.0822549919236337,"10^5",0.938356125157783
"685",0.0891835387645668,"10^5",0.931711477856981
"686",0.0966956946996637,"10^5",0.924576061786986
"687",0.104840618604892,"10^5",0.916910677932171
"688",0.113671610133173,"10^5",0.90867618129923
"689",0.123246458502536,"10^5",0.899833343282514
"690",0.133627820663591,"10^5",0.890342738360781
"691",0.144883631321005,"10^5",0.880164681830931
"692",0.157087547492123,"10^5",0.869259242697797
"693",0.170319430511904,"10^5",0.857586348202254
"694",0.184665868638338,"10^5",0.845105991662775
"695",0.200220743678265,"10^5",0.831778551134736
"696",0.217085845341508,"10^5",0.81756522406964
"697",0.235371537343625,"10^5",0.80242858000058
"698",0.255197479616184,"10^5",0.786333234250922
"699",0.276693411350641,"10^5",0.769246643578965
"700",0.3,"10^5",0.751140025013372
"701",1e-04,"10^6",1.25565619439621
"702",0.000108423253931343,"10^6",1.25090628116258
"703",0.000117556019930604,"10^6",1.24619200933515
"704",0.000127458062000939,"10^6",1.24151298121387
"705",0.000138194178219246,"10^6",1.23686880487558
"706",0.000149834624768985,"10^6",1.23225909415869
"707",0.000162455575690352,"10^6",1.22768346866005
"708",0.000176139621356375,"10^6",1.22314155339642
"709",0.000190976308936928,"10^6",1.21863297891347
"710",0.00020706272838739,"10^6",1.21415738110276
"711",0.000224504147796627,"10^6",1.20971440112543
"712",0.000243414702251934,"10^6",1.20530368521217
"713",0.000263918140728836,"10^6",1.20092488478744
"714",0.000286148635893304,"10^6",1.19657765619698
"715",0.00031025166211567,"10^6",1.19226166070273
"716",0.000336384947441884,"10^6",1.18797656431364
"717",0.000364719505751728,"10^6",1.18372203785484
"718",0.000395440755858334,"10^6",1.17949775670931
"719",0.000428749734872302,"10^6",1.17530340084509
"720",0.000464864413770554,"10^6",1.17113865477953
"721",0.000504021123778896,"10^6",1.16700320728717
"722",0.000546476102902399,"10^6",1.16289675151725
"723",0.000592507172723974,"10^6",1.15881898502335
"724",0.000642415556443933,"10^6",1.15476960929695
"725",0.000696527850057654,"10^6",1.15074833013148
"726",0.000755198159570533,"10^6",1.14675485718516
"727",0.000818810418235985,"10^6",1.14278890425228
"728",0.000887780898980291,"10^6",1.13885018890356
"729",0.000962560938455358,"10^6",1.13493843256905
"730",0.00104363989054537,"10^6",1.1310533605377
"731",0.00113154832865479,"10^6",1.12719470162324
"732",0.00122686151773325,"10^6",1.12336218844625
"733",0.00133020317875784,"10^6",1.11955555702198
"734",0.00144224957030741,"10^6",1.11577454696444
"735",0.0015637339139381,"10^6",1.11201890134078
"736",0.00169545119231963,"10^6",1.1082883663864
"737",0.00183826335153069,"10^6",1.10458269182353
"738",0.00199310494155693,"10^6",1.10090163045086
"739",0.00216098923190241,"10^6",1.09724493846587
"740",0.00234301484233452,"10^6",1.09361237559856
"741",0.00254037293215341,"10^6",1.09000370515804
"742",0.00275435499503179,"10^6",1.08641869465012
"743",0.00298636131043393,"10^6",1.08285711631077
"744",0.00323791010691916,"10^6",1.07931874754517
"745",0.00351064749729357,"10^6",1.0758033714199
"746",0.00380635825062493,"10^6",1.07231077641782
"747",0.00412697747161168,"10^6",1.06884075477959
"748",0.00447460326373484,"10^6",1.06539310000393
"749",0.00485151045905938,"10^6",1.06196760192769
"750",0.0052601655045316,"10^6",1.05856404070598
"751",0.00570324260218719,"10^6",1.05518218003224
"752",0.00618364120888993,"10^6",1.0518217615719
"753",0.00670450501011788,"10^6",1.04848250313839
"754",0.0072692424919597,"10^6",1.04516410366378
"755",0.00788154924594253,"10^6",1.04186625676762
"756",0.00854543215265209,"10^6",1.03858867437999
"757",0.00926523560240058,"10^6",1.03533111695816
"758",0.0100456699245279,"10^6",1.03209342498512
"759",0.0108918422113755,"10^6",1.02887553955799
"760",0.0118092897386408,"10^6",1.02567749792734
"761",0.0128040162008145,"10^6",1.0224993850544
"762",0.0138825309988193,"10^6",1.01934122448886
"763",0.0150518918369473,"10^6",1.01620279291978
"764",0.0163197509078444,"10^6",1.01308335203026
"765",0.0176944049677747,"10^6",1.00998129889525
"766",0.0191848496298505,"10^6",1.00689375078182
"767",0.0208008382305191,"10^6",1.00381608846345
"768",0.0225529456545235,"10^6",1.00074149574907
"769",0.0244526375360017,"10^6",0.997660536004398
"770",0.02651234528857,"10^6",0.994560808391859
"771",0.0287455474553806,"10^6",0.991426720685614
"772",0.0311668579115019,"10^6",0.988239404852653
"773",0.0337921214958085,"10^6",0.984976786642317
"774",0.0366385176981883,"10^6",0.981613803090552
"775",0.0397246730805866,"10^6",0.978122745994299
"776",0.0430707831675601,"10^6",0.974473695059462
"777",0.0466987446039817,"10^6",0.970634996624822
"778",0.0506322984447243,"10^6",0.966573741618872
"779",0.0548971855139987,"10^6",0.962256198190767
"780",0.0595213148510031,"10^6",0.957648165875599
"781",0.064534946344177,"10^6",0.952715228523159
"782",0.0699708887492028,"10^6",0.947422897908787
"783",0.0758647143865655,"10^6",0.941736652626371
"784",0.0822549919236337,"10^6",0.935621889430383
"785",0.0891835387645668,"10^6",0.929043809499627
"786",0.0966956946996637,"10^6",0.921967268819076
"787",0.104840618604892,"10^6",0.914356620010774
"788",0.113671610133173,"10^6",0.906175573067714
"789",0.123246458502536,"10^6",0.897387096349596
"790",0.133627820663591,"10^6",0.887953376525768
"791",0.144883631321005,"10^6",0.877835850045524
"792",0.157087547492123,"10^6",0.866995315421711
"793",0.170319430511904,"10^6",0.855392132581194
"794",0.184665868638338,"10^6",0.842986514060175
"795",0.200220743678265,"10^6",0.829738911137873
"796",0.217085845341508,"10^6",0.815610498568174
"797",0.235371537343625,"10^6",0.800563761781507
"798",0.255197479616184,"10^6",0.784563190229155
"799",0.276693411350641,"10^6",0.767576081547059
"800",0.3,"10^6",0.749573459994003
"801",1e-04,"e(-tDd)",0.999900004999833
"802",0.000108423253931343,"e(-tDd)",0.999891582623657
"803",0.000117556019930604,"e(-tDd)",0.999882450889508
"804",0.000127458062000939,"e(-tDd)",0.999872550060433
"805",0.000138194178219246,"e(-tDd)",0.999861815370156
"806",0.000149834624768985,"e(-tDd)",0.999850176599878
"807",0.000162455575690352,"e(-tDd)",0.999837557619502
"808",0.000176139621356375,"e(-tDd)",0.999823875890316
"809",0.000190976308936928,"e(-tDd)",0.999809041925877
"810",0.00020706272838739,"e(-tDd)",0.99979295870762
"811",0.000224504147796627,"e(-tDd)",0.999775521051374
"812",0.000243414702251934,"e(-tDd)",0.999756614920703
"813",0.000263918140728836,"e(-tDd)",0.9997361166826
"814",0.000286148635893304,"e(-tDd)",0.999713892300723
"815",0.00031025166211567,"e(-tDd)",0.999689796460954
"816",0.000336384947441884,"e(-tDd)",0.999663671623631
"817",0.000364719505751728,"e(-tDd)",0.999635346996322
"818",0.000395440755858334,"e(-tDd)",0.999604637420532
"819",0.000428749734872302,"e(-tDd)",0.999571342165161
"820",0.000464864413770554,"e(-tDd)",0.99953524361895
"821",0.000504021123778896,"e(-tDd)",0.99949610587353
"822",0.000546476102902399,"e(-tDd)",0.999453673187967
"823",0.000592507172723974,"e(-tDd)",0.999407668324988
"824",0.000642415556443933,"e(-tDd)",0.999357790748249
"825",0.000696527850057654,"e(-tDd)",0.999303714669155
"826",0.000755198159570533,"e(-tDd)",0.999245086930789
"827",0.000818810418235985,"e(-tDd)",0.999181524715538
"828",0.000887780898980291,"e(-tDd)",0.99911261306189
"829",0.000962560938455358,"e(-tDd)",0.999037902174721
"830",0.00104363989054537,"e(-tDd)",0.998956904512162
"831",0.00113154832865479,"e(-tDd)",0.998869091630751
"832",0.00122686151773325,"e(-tDd)",0.998773890769177
"833",0.00133020317875784,"e(-tDd)",0.998670681149335
"834",0.00144224957030741,"e(-tDd)",0.998558789971784
"835",0.0015637339139381,"e(-tDd)",0.998437488080897
"836",0.00169545119231963,"e(-tDd)",0.998305985273119
"837",0.00183826335153069,"e(-tDd)",0.998163425219706
"838",0.00199310494155693,"e(-tDd)",0.998008879973164
"839",0.00216098923190241,"e(-tDd)",0.997841344024311
"840",0.00234301484233452,"e(-tDd)",0.997659727874448
"841",0.00254037293215341,"e(-tDd)",0.997462851084518
"842",0.00275435499503179,"e(-tDd)",0.997249434760445
"843",0.00298636131043393,"e(-tDd)",0.997018093430912
"844",0.00323791010691916,"e(-tDd)",0.996767326270846
"845",0.00351064749729357,"e(-tDd)",0.996495507620708
"846",0.00380635825062493,"e(-tDd)",0.996200876748364
"847",0.00412697747161168,"e(-tDd)",0.995881526796917
"848",0.00447460326373484,"e(-tDd)",0.995535392858331
"849",0.00485151045905938,"e(-tDd)",0.995160239109077
"850",0.0052601655045316,"e(-tDd)",0.99475364494035
"851",0.00570324260218719,"e(-tDd)",0.99431299001173
"852",0.00618364120888993,"e(-tDd)",0.99383543815351
"853",0.00670450501011788,"e(-tDd)",0.993317920039324
"854",0.0072692424919597,"e(-tDd)",0.992757114547338
"855",0.00788154924594253,"e(-tDd)",0.992149428725089
"856",0.00854543215265209,"e(-tDd)",0.991490976270306
"857",0.00926523560240058,"e(-tDd)",0.990777554437743
"858",0.0100456699245279,"e(-tDd)",0.99000461928046
"859",0.0108918422113755,"e(-tDd)",0.989167259133213
"860",0.0118092897386408,"e(-tDd)",0.988260166245958
"861",0.0128040162008145,"e(-tDd)",0.987277606477201
"862",0.0138825309988193,"e(-tDd)",0.986213386960283
"863",0.0150518918369473,"e(-tDd)",0.985060821661231
"864",0.0163197509078444,"e(-tDd)",0.983812694754806
"865",0.0176944049677747,"e(-tDd)",0.982461221756493
"866",0.0191848496298505,"e(-tDd)",0.980998008362994
"867",0.0208008382305191,"e(-tDd)",0.979414006973003
"868",0.0225529456545235,"e(-tDd)",0.977699470884535
"869",0.0244526375360017,"e(-tDd)",0.975843906195792
"870",0.02651234528857,"e(-tDd)",0.973836021474621
"871",0.0287455474553806,"e(-tDd)",0.971663675308254
"872",0.0311668579115019,"e(-tDd)",0.969313821901757
"873",0.0337921214958085,"e(-tDd)",0.966772454961988
"874",0.0366385176981883,"e(-tDd)",0.964024550185765
"875",0.0397246730805866,"e(-tDd)",0.961054006768432
"876",0.0430707831675601,"e(-tDd)",0.957843588464234
"877",0.0466987446039817,"e(-tDd)",0.954374864865528
"878",0.0506322984447243,"e(-tDd)",0.950628153726346
"879",0.0548971855139987,"e(-tDd)",0.946582465340211
"880",0.0595213148510031,"e(-tDd)",0.94221545019526
"881",0.064534946344177,"e(-tDd)",0.937503351374797
"882",0.0699708887492028,"e(-tDd)",0.932420963451371
"883",0.0758647143865655,"e(-tDd)",0.926941599940197
"884",0.0822549919236337,"e(-tDd)",0.921037071735822
"885",0.0891835387645668,"e(-tDd)",0.914677679356129
"886",0.0966956946996637,"e(-tDd)",0.907832222261175
"887",0.104840618604892,"e(-tDd)",0.900468029000548
"888",0.113671610133173,"e(-tDd)",0.892551012469489
"889",0.123246458502536,"e(-tDd)",0.884045755116374
"890",0.133627820663591,"e(-tDd)",0.87491562953372
"891",0.144883631321005,"e(-tDd)",0.865122960469442
"892",0.157087547492123,"e(-tDd)",0.854629234896199
"893",0.170319430511904,"e(-tDd)",0.84339536734959
"894",0.184665868638338,"e(-tDd)",0.831382028257146
"895",0.200220743678265,"e(-tDd)",0.818550043386034
"896",0.217085845341508,"e(-tDd)",0.804860872782746
"897",0.235371537343625,"e(-tDd)",0.790277177593759
"898",0.255197479616184,"e(-tDd)",0.774763482857668
"899",0.276693411350641,"e(-tDd)",0.758286943645832
"900",0.3,"e(-tDd)",0.740818220681718
